id,registered_date
CUST_00001,2024-07-10
CUST_00002,2024-07-18
CUST_00003,2024-07-23
CUST_00004,2024-07-12
CUST_00005,2024-07-27
CUST_00006,2024-07-26
CUST_00007,2024-07-11
CUST_00008,2024-07-15
CUST_00009,2024-07-18
CUST_00010,2024-07-06
CUST_00011,2024-07-17
CUST_00012,2024-07-24
CUST_00013,2024-07-02
CUST_00014,2024-07-23
CUST_00015,2024-07-05
CUST_00016,2024-07-05
CUST_00017,2024-07-27
CUST_00018,2024-07-18
CUST_00019,2024-07-20
CUST_00020,2024-07-13
CUST_00021,2024-07-26
CUST_00022,2024-07-17
CUST_00023,2024-07-04
CUST_00024,2024-07-21
CUST_00025,2024-07-07
CUST_00026,2024-07-21
CUST_00027,2024-07-18
CUST_00028,2024-07-27
CUST_00029,2024-07-11
CUST_00030,2024-07-15
CUST_00031,2024-07-08
CUST_00032,2024-07-13
CUST_00033,2024-07-28
CUST_00034,2024-07-14
CUST_00035,2024-07-26
CUST_00036,2024-07-21
CUST_00037,2024-07-12
CUST_00038,2024-07-23
CUST_00039,2024-07-01
CUST_00040,2024-07-04
CUST_00041,2024-07-02
CUST_00042,2024-07-27
CUST_00043,2024-07-02
CUST_00044,2024-07-25
CUST_00045,2024-07-09
CUST_00046,2024-07-03
CUST_00047,2024-07-07
CUST_00048,2024-07-07
CUST_00049,2024-07-09
CUST_00050,2024-07-11
CUST_00051,2024-07-20
CUST_00052,2024-07-08
CUST_00053,2024-07-07
CUST_00054,2024-07-17
CUST_00055,2024-07-22
CUST_00056,2024-07-06
CUST_00057,2024-07-07
CUST_00058,2024-07-05
CUST_00059,2024-07-09
CUST_00060,2024-07-21
CUST_00061,2024-07-19
CUST_00062,2024-07-23
CUST_00063,2024-07-01
CUST_00064,2024-07-25
CUST_00065,2024-07-12
CUST_00066,2024-07-24
CUST_00067,2024-07-03
CUST_00068,2024-07-03
CUST_00069,2024-07-13
CUST_00070,2024-07-25
CUST_00071,2024-07-01
CUST_00072,2024-07-21
CUST_00073,2024-07-28
CUST_00074,2024-07-01
CUST_00075,2024-07-02
CUST_00076,2024-07-28
CUST_00077,2024-07-27
CUST_00078,2024-07-05
CUST_00079,2024-07-08
CUST_00080,2024-07-19
CUST_00081,2024-07-04
CUST_00082,2024-07-06
CUST_00083,2024-07-16
CUST_00084,2024-07-06
CUST_00085,2024-07-21
CUST_00086,2024-07-16
CUST_00087,2024-07-19
CUST_00088,2024-07-21
CUST_00089,2024-07-01
CUST_00090,2024-07-25
CUST_00091,2024-07-23
CUST_00092,2024-07-25
CUST_00093,2024-07-20
CUST_00094,2024-07-16
CUST_00095,2024-07-05
CUST_00096,2024-07-23
CUST_00097,2024-07-17
CUST_00098,2024-07-18
CUST_00099,2024-07-18
CUST_00100,2024-07-02
CUST_00101,2024-07-14
CUST_00102,2024-07-17
CUST_00103,2024-07-27
CUST_00104,2024-07-09
CUST_00105,2024-07-10
CUST_00106,2024-07-08
CUST_00107,2024-07-09
CUST_00108,2024-07-06
CUST_00109,2024-07-22
CUST_00110,2024-07-28
CUST_00111,2024-07-02
CUST_00112,2024-07-13
CUST_00113,2024-07-14
CUST_00114,2024-07-06
CUST_00115,2024-07-23
CUST_00116,2024-07-16
CUST_00117,2024-07-11
CUST_00118,2024-07-14
CUST_00119,2024-07-23
CUST_00120,2024-07-07
CUST_00121,2024-07-12
CUST_00122,2024-07-04
CUST_00123,2024-07-26
CUST_00124,2024-07-28
CUST_00125,2024-07-08
CUST_00126,2024-07-18
CUST_00127,2024-07-03
CUST_00128,2024-07-10
CUST_00129,2024-07-17
CUST_00130,2024-07-04
CUST_00131,2024-07-24
CUST_00132,2024-07-24
CUST_00133,2024-07-07
CUST_00134,2024-07-06
CUST_00135,2024-07-07
CUST_00136,2024-07-12
CUST_00137,2024-07-10
CUST_00138,2024-07-04
CUST_00139,2024-07-21
CUST_00140,2024-07-04
CUST_00141,2024-07-05
CUST_00142,2024-07-22
CUST_00143,2024-07-02
CUST_00144,2024-07-21
CUST_00145,2024-07-21
CUST_00146,2024-07-28
CUST_00147,2024-07-11
CUST_00148,2024-07-08
CUST_00149,2024-07-14
CUST_00150,2024-07-14
CUST_00151,2024-07-04
CUST_00152,2024-07-09
CUST_00153,2024-07-07
CUST_00154,2024-07-09
CUST_00155,2024-07-10
CUST_00156,2024-07-07
CUST_00157,2024-07-12
CUST_00158,2024-07-19
CUST_00159,2024-07-13
CUST_00160,2024-07-15
CUST_00161,2024-07-04
CUST_00162,2024-07-09
CUST_00163,2024-07-13
CUST_00164,2024-07-11
CUST_00165,2024-07-04
CUST_00166,2024-07-25
CUST_00167,2024-07-07
CUST_00168,2024-07-27
CUST_00169,2024-07-24
CUST_00170,2024-07-11
CUST_00171,2024-07-27
CUST_00172,2024-07-08
CUST_00173,2024-07-23
CUST_00174,2024-07-25
CUST_00175,2024-07-06
CUST_00176,2024-07-14
CUST_00177,2024-07-22
CUST_00178,2024-07-22
CUST_00179,2024-07-12
CUST_00180,2024-07-20
CUST_00181,2024-07-13
CUST_00182,2024-07-12
CUST_00183,2024-07-09
CUST_00184,2024-07-06
CUST_00185,2024-07-19
CUST_00186,2024-07-03
CUST_00187,2024-07-27
CUST_00188,2024-07-28
CUST_00189,2024-07-05
CUST_00190,2024-07-06
CUST_00191,2024-07-01
CUST_00192,2024-07-08
CUST_00193,2024-07-12
CUST_00194,2024-07-09
CUST_00195,2024-07-13
CUST_00196,2024-07-11
CUST_00197,2024-07-01
CUST_00198,2024-07-18
CUST_00199,2024-07-01
CUST_00200,2024-07-14
CUST_00201,2024-07-25
CUST_00202,2024-07-06
CUST_00203,2024-07-19
CUST_00204,2024-07-20
CUST_00205,2024-07-11
CUST_00206,2024-07-25
CUST_00207,2024-07-13
CUST_00208,2024-07-28
CUST_00209,2024-07-26
CUST_00210,2024-07-23
CUST_00211,2024-07-28
CUST_00212,2024-07-09
CUST_00213,2024-07-09
CUST_00214,2024-07-01
CUST_00215,2024-07-10
CUST_00216,2024-07-26
CUST_00217,2024-07-02
CUST_00218,2024-07-15
CUST_00219,2024-07-16
CUST_00220,2024-07-26
CUST_00221,2024-07-23
CUST_00222,2024-07-23
CUST_00223,2024-07-28
CUST_00224,2024-07-15
CUST_00225,2024-07-06
CUST_00226,2024-07-04
CUST_00227,2024-07-28
CUST_00228,2024-07-13
CUST_00229,2024-07-14
CUST_00230,2024-07-18
CUST_00231,2024-07-09
CUST_00232,2024-07-26
CUST_00233,2024-07-08
CUST_00234,2024-07-24
CUST_00235,2024-07-24
CUST_00236,2024-07-26
CUST_00237,2024-07-01
CUST_00238,2024-07-23
CUST_00239,2024-07-28
CUST_00240,2024-07-24
CUST_00241,2024-07-19
CUST_00242,2024-07-28
CUST_00243,2024-07-21
CUST_00244,2024-07-15
CUST_00245,2024-07-15
CUST_00246,2024-07-01
CUST_00247,2024-07-09
CUST_00248,2024-07-23
CUST_00249,2024-07-09
CUST_00250,2024-07-24
CUST_00251,2024-07-22
CUST_00252,2024-07-27
CUST_00253,2024-07-22
CUST_00254,2024-07-04
CUST_00255,2024-07-17
CUST_00256,2024-07-20
CUST_00257,2024-07-21
CUST_00258,2024-07-15
CUST_00259,2024-07-02
CUST_00260,2024-07-06
CUST_00261,2024-07-12
CUST_00262,2024-07-16
CUST_00263,2024-07-15
CUST_00264,2024-07-16
CUST_00265,2024-07-09
CUST_00266,2024-07-15
CUST_00267,2024-07-02
CUST_00268,2024-07-09
CUST_00269,2024-07-16
CUST_00270,2024-07-20
CUST_00271,2024-07-18
CUST_00272,2024-07-22
CUST_00273,2024-07-04
CUST_00274,2024-07-26
CUST_00275,2024-07-24
CUST_00276,2024-07-13
CUST_00277,2024-07-06
CUST_00278,2024-07-24
CUST_00279,2024-07-19
CUST_00280,2024-07-28
CUST_00281,2024-07-24
CUST_00282,2024-07-18
CUST_00283,2024-07-20
CUST_00284,2024-07-13
CUST_00285,2024-07-23
CUST_00286,2024-07-08
CUST_00287,2024-07-13
CUST_00288,2024-07-06
CUST_00289,2024-07-20
CUST_00290,2024-07-13
CUST_00291,2024-07-19
CUST_00292,2024-07-14
CUST_00293,2024-07-15
CUST_00294,2024-07-16
CUST_00295,2024-07-24
CUST_00296,2024-07-14
CUST_00297,2024-07-14
CUST_00298,2024-07-25
CUST_00299,2024-07-04
CUST_00300,2024-07-28
CUST_00301,2024-07-19
CUST_00302,2024-07-01
CUST_00303,2024-07-12
CUST_00304,2024-07-24
CUST_00305,2024-07-01
CUST_00306,2024-07-16
CUST_00307,2024-07-21
CUST_00308,2024-07-19
CUST_00309,2024-07-05
CUST_00310,2024-07-06
CUST_00311,2024-07-02
CUST_00312,2024-07-15
CUST_00313,2024-07-16
CUST_00314,2024-07-18
CUST_00315,2024-07-13
CUST_00316,2024-07-17
CUST_00317,2024-07-03
CUST_00318,2024-07-24
CUST_00319,2024-07-03
CUST_00320,2024-07-26
CUST_00321,2024-07-02
CUST_00322,2024-07-07
CUST_00323,2024-07-18
CUST_00324,2024-07-22
CUST_00325,2024-07-07
CUST_00326,2024-07-25
CUST_00327,2024-07-21
CUST_00328,2024-07-16
CUST_00329,2024-07-24
CUST_00330,2024-07-06
CUST_00331,2024-07-20
CUST_00332,2024-07-14
CUST_00333,2024-07-22
CUST_00334,2024-07-23
CUST_00335,2024-07-16
CUST_00336,2024-07-18
CUST_00337,2024-07-09
CUST_00338,2024-07-22
CUST_00339,2024-07-13
CUST_00340,2024-07-20
CUST_00341,2024-07-28
CUST_00342,2024-07-07
CUST_00343,2024-07-27
CUST_00344,2024-07-16
CUST_00345,2024-07-27
CUST_00346,2024-07-21
CUST_00347,2024-07-26
CUST_00348,2024-07-09
CUST_00349,2024-07-05
CUST_00350,2024-07-26
CUST_00351,2024-07-13
CUST_00352,2024-07-21
CUST_00353,2024-07-09
CUST_00354,2024-07-16
CUST_00355,2024-07-23
CUST_00356,2024-07-19
CUST_00357,2024-07-09
CUST_00358,2024-07-13
CUST_00359,2024-07-08
CUST_00360,2024-07-13
CUST_00361,2024-07-18
CUST_00362,2024-07-15
CUST_00363,2024-07-11
CUST_00364,2024-07-03
CUST_00365,2024-07-02
CUST_00366,2024-07-17
CUST_00367,2024-07-06
CUST_00368,2024-07-07
CUST_00369,2024-07-15
CUST_00370,2024-07-11
CUST_00371,2024-07-04
CUST_00372,2024-07-25
CUST_00373,2024-07-05
CUST_00374,2024-07-12
CUST_00375,2024-07-08
CUST_00376,2024-07-22
CUST_00377,2024-07-10
CUST_00378,2024-07-10
CUST_00379,2024-07-27
CUST_00380,2024-07-25
CUST_00381,2024-07-09
CUST_00382,2024-07-28
CUST_00383,2024-07-26
CUST_00384,2024-07-05
CUST_00385,2024-07-02
CUST_00386,2024-07-16
CUST_00387,2024-07-10
CUST_00388,2024-07-19
CUST_00389,2024-07-28
CUST_00390,2024-07-08
CUST_00391,2024-07-17
CUST_00392,2024-07-21
CUST_00393,2024-07-04
CUST_00394,2024-07-14
CUST_00395,2024-07-13
CUST_00396,2024-07-12
CUST_00397,2024-07-10
CUST_00398,2024-07-20
CUST_00399,2024-07-20
CUST_00400,2024-07-11
CUST_00401,2024-07-19
CUST_00402,2024-07-11
CUST_00403,2024-07-15
CUST_00404,2024-07-27
CUST_00405,2024-07-06
CUST_00406,2024-07-25
CUST_00407,2024-07-25
CUST_00408,2024-07-04
CUST_00409,2024-07-13
CUST_00410,2024-07-02
CUST_00411,2024-07-23
CUST_00412,2024-07-07
CUST_00413,2024-07-21
CUST_00414,2024-07-17
CUST_00415,2024-07-19
CUST_00416,2024-07-21
CUST_00417,2024-07-12
CUST_00418,2024-07-20
CUST_00419,2024-07-25
CUST_00420,2024-07-20
CUST_00421,2024-07-11
CUST_00422,2024-07-11
CUST_00423,2024-07-13
CUST_00424,2024-07-04
CUST_00425,2024-07-26
CUST_00426,2024-07-03
CUST_00427,2024-07-09
CUST_00428,2024-07-01
CUST_00429,2024-07-16
CUST_00430,2024-07-10
CUST_00431,2024-07-14
CUST_00432,2024-07-16
CUST_00433,2024-07-13
CUST_00434,2024-07-16
CUST_00435,2024-07-09
CUST_00436,2024-07-27
CUST_00437,2024-07-06
CUST_00438,2024-07-04
CUST_00439,2024-07-13
CUST_00440,2024-07-04
CUST_00441,2024-07-17
CUST_00442,2024-07-07
CUST_00443,2024-07-03
CUST_00444,2024-07-10
CUST_00445,2024-07-07
CUST_00446,2024-07-10
CUST_00447,2024-07-22
CUST_00448,2024-07-03
CUST_00449,2024-07-19
CUST_00450,2024-07-09
CUST_00451,2024-07-25
CUST_00452,2024-07-25
CUST_00453,2024-07-21
CUST_00454,2024-07-01
CUST_00455,2024-07-01
CUST_00456,2024-07-15
CUST_00457,2024-07-02
CUST_00458,2024-07-02
CUST_00459,2024-07-11
CUST_00460,2024-07-15
CUST_00461,2024-07-21
CUST_00462,2024-07-01
CUST_00463,2024-07-05
CUST_00464,2024-07-26
CUST_00465,2024-07-06
CUST_00466,2024-07-13
CUST_00467,2024-07-24
CUST_00468,2024-07-11
CUST_00469,2024-07-16
CUST_00470,2024-07-11
CUST_00471,2024-07-14
CUST_00472,2024-07-24
CUST_00473,2024-07-02
CUST_00474,2024-07-13
CUST_00475,2024-07-21
CUST_00476,2024-07-21
CUST_00477,2024-07-23
CUST_00478,2024-07-28
CUST_00479,2024-07-08
CUST_00480,2024-07-05
CUST_00481,2024-07-04
CUST_00482,2024-07-23
CUST_00483,2024-07-25
CUST_00484,2024-07-02
CUST_00485,2024-07-09
CUST_00486,2024-07-09
CUST_00487,2024-07-26
CUST_00488,2024-07-14
CUST_00489,2024-07-02
CUST_00490,2024-07-02
CUST_00491,2024-07-07
CUST_00492,2024-07-07
CUST_00493,2024-07-10
CUST_00494,2024-07-02
CUST_00495,2024-07-02
CUST_00496,2024-07-24
CUST_00497,2024-07-06
CUST_00498,2024-07-27
CUST_00499,2024-07-25
CUST_00500,2024-07-13
CUST_00501,2024-07-25
CUST_00502,2024-07-09
CUST_00503,2024-07-22
CUST_00504,2024-07-06
CUST_00505,2024-07-13
CUST_00506,2024-07-25
CUST_00507,2024-07-15
CUST_00508,2024-07-17
CUST_00509,2024-07-26
CUST_00510,2024-07-03
CUST_00511,2024-07-06
CUST_00512,2024-07-17
CUST_00513,2024-07-23
CUST_00514,2024-07-27
CUST_00515,2024-07-08
CUST_00516,2024-07-11
CUST_00517,2024-07-05
CUST_00518,2024-07-19
CUST_00519,2024-07-09
CUST_00520,2024-07-08
CUST_00521,2024-07-05
CUST_00522,2024-07-20
CUST_00523,2024-07-21
CUST_00524,2024-07-01
CUST_00525,2024-07-19
CUST_00526,2024-08-16
CUST_00527,2024-08-13
CUST_00528,2024-08-05
CUST_00529,2024-08-11
CUST_00530,2024-08-26
CUST_00531,2024-08-16
CUST_00532,2024-08-03
CUST_00533,2024-08-10
CUST_00534,2024-08-22
CUST_00535,2024-08-01
CUST_00536,2024-08-04
CUST_00537,2024-08-21
CUST_00538,2024-08-03
CUST_00539,2024-08-23
CUST_00540,2024-08-15
CUST_00541,2024-08-07
CUST_00542,2024-08-01
CUST_00543,2024-08-18
CUST_00544,2024-08-28
CUST_00545,2024-08-07
CUST_00546,2024-08-03
CUST_00547,2024-08-03
CUST_00548,2024-08-07
CUST_00549,2024-08-15
CUST_00550,2024-08-03
CUST_00551,2024-08-24
CUST_00552,2024-08-06
CUST_00553,2024-08-28
CUST_00554,2024-08-06
CUST_00555,2024-08-08
CUST_00556,2024-08-24
CUST_00557,2024-08-20
CUST_00558,2024-08-05
CUST_00559,2024-08-19
CUST_00560,2024-08-10
CUST_00561,2024-08-05
CUST_00562,2024-08-27
CUST_00563,2024-08-27
CUST_00564,2024-08-06
CUST_00565,2024-08-12
CUST_00566,2024-08-27
CUST_00567,2024-08-24
CUST_00568,2024-08-16
CUST_00569,2024-08-23
CUST_00570,2024-08-16
CUST_00571,2024-08-11
CUST_00572,2024-08-18
CUST_00573,2024-08-16
CUST_00574,2024-08-23
CUST_00575,2024-08-27
CUST_00576,2024-08-15
CUST_00577,2024-08-08
CUST_00578,2024-08-22
CUST_00579,2024-08-13
CUST_00580,2024-08-03
CUST_00581,2024-08-06
CUST_00582,2024-08-01
CUST_00583,2024-08-08
CUST_00584,2024-08-28
CUST_00585,2024-08-11
CUST_00586,2024-08-22
CUST_00587,2024-08-19
CUST_00588,2024-08-14
CUST_00589,2024-08-17
CUST_00590,2024-08-03
CUST_00591,2024-08-10
CUST_00592,2024-08-14
CUST_00593,2024-08-02
CUST_00594,2024-08-01
CUST_00595,2024-08-26
CUST_00596,2024-08-23
CUST_00597,2024-08-22
CUST_00598,2024-08-14
CUST_00599,2024-08-02
CUST_00600,2024-08-25
CUST_00601,2024-08-05
CUST_00602,2024-08-28
CUST_00603,2024-08-11
CUST_00604,2024-08-06
CUST_00605,2024-08-09
CUST_00606,2024-08-16
CUST_00607,2024-08-13
CUST_00608,2024-08-13
CUST_00609,2024-08-11
CUST_00610,2024-08-17
CUST_00611,2024-08-07
CUST_00612,2024-08-14
CUST_00613,2024-08-12
CUST_00614,2024-08-08
CUST_00615,2024-08-10
CUST_00616,2024-08-04
CUST_00617,2024-08-07
CUST_00618,2024-08-06
CUST_00619,2024-08-19
CUST_00620,2024-08-05
CUST_00621,2024-08-05
CUST_00622,2024-08-02
CUST_00623,2024-08-15
CUST_00624,2024-08-27
CUST_00625,2024-08-06
CUST_00626,2024-08-12
CUST_00627,2024-08-04
CUST_00628,2024-08-28
CUST_00629,2024-08-23
CUST_00630,2024-08-14
CUST_00631,2024-08-28
CUST_00632,2024-08-23
CUST_00633,2024-08-03
CUST_00634,2024-08-11
CUST_00635,2024-08-23
CUST_00636,2024-08-14
CUST_00637,2024-08-17
CUST_00638,2024-08-06
CUST_00639,2024-08-14
CUST_00640,2024-08-20
CUST_00641,2024-08-01
CUST_00642,2024-08-17
CUST_00643,2024-08-12
CUST_00644,2024-08-16
CUST_00645,2024-08-25
CUST_00646,2024-08-12
CUST_00647,2024-08-17
CUST_00648,2024-08-15
CUST_00649,2024-08-01
CUST_00650,2024-08-25
CUST_00651,2024-08-19
CUST_00652,2024-08-07
CUST_00653,2024-08-17
CUST_00654,2024-08-02
CUST_00655,2024-08-17
CUST_00656,2024-08-21
CUST_00657,2024-08-14
CUST_00658,2024-08-05
CUST_00659,2024-08-17
CUST_00660,2024-08-15
CUST_00661,2024-08-08
CUST_00662,2024-08-10
CUST_00663,2024-08-17
CUST_00664,2024-08-17
CUST_00665,2024-08-18
CUST_00666,2024-08-25
CUST_00667,2024-08-13
CUST_00668,2024-08-20
CUST_00669,2024-08-27
CUST_00670,2024-08-23
CUST_00671,2024-08-28
CUST_00672,2024-08-07
CUST_00673,2024-08-11
CUST_00674,2024-08-21
CUST_00675,2024-08-05
CUST_00676,2024-08-08
CUST_00677,2024-08-16
CUST_00678,2024-08-11
CUST_00679,2024-08-04
CUST_00680,2024-08-01
CUST_00681,2024-08-02
CUST_00682,2024-08-23
CUST_00683,2024-08-19
CUST_00684,2024-08-28
CUST_00685,2024-08-12
CUST_00686,2024-08-07
CUST_00687,2024-08-02
CUST_00688,2024-08-10
CUST_00689,2024-08-10
CUST_00690,2024-08-03
CUST_00691,2024-08-12
CUST_00692,2024-08-19
CUST_00693,2024-08-10
CUST_00694,2024-08-21
CUST_00695,2024-08-23
CUST_00696,2024-08-28
CUST_00697,2024-08-14
CUST_00698,2024-08-21
CUST_00699,2024-08-16
CUST_00700,2024-08-02
CUST_00701,2024-08-10
CUST_00702,2024-08-20
CUST_00703,2024-08-27
CUST_00704,2024-08-24
CUST_00705,2024-08-28
CUST_00706,2024-08-10
CUST_00707,2024-08-20
CUST_00708,2024-08-22
CUST_00709,2024-08-14
CUST_00710,2024-08-12
CUST_00711,2024-08-10
CUST_00712,2024-08-15
CUST_00713,2024-08-14
CUST_00714,2024-08-20
CUST_00715,2024-08-15
CUST_00716,2024-08-14
CUST_00717,2024-08-15
CUST_00718,2024-08-26
CUST_00719,2024-08-18
CUST_00720,2024-08-06
CUST_00721,2024-08-15
CUST_00722,2024-08-14
CUST_00723,2024-08-25
CUST_00724,2024-08-22
CUST_00725,2024-08-02
CUST_00726,2024-08-04
CUST_00727,2024-08-28
CUST_00728,2024-08-11
CUST_00729,2024-08-20
CUST_00730,2024-08-28
CUST_00731,2024-08-14
CUST_00732,2024-08-28
CUST_00733,2024-08-25
CUST_00734,2024-08-24
CUST_00735,2024-08-24
CUST_00736,2024-08-26
CUST_00737,2024-08-20
CUST_00738,2024-08-22
CUST_00739,2024-08-25
CUST_00740,2024-08-15
CUST_00741,2024-08-14
CUST_00742,2024-08-02
CUST_00743,2024-08-20
CUST_00744,2024-08-03
CUST_00745,2024-08-09
CUST_00746,2024-08-09
CUST_00747,2024-08-09
CUST_00748,2024-08-13
CUST_00749,2024-08-06
CUST_00750,2024-08-15
CUST_00751,2024-08-16
CUST_00752,2024-08-22
CUST_00753,2024-08-24
CUST_00754,2024-08-23
CUST_00755,2024-08-23
CUST_00756,2024-08-10
CUST_00757,2024-08-15
CUST_00758,2024-08-04
CUST_00759,2024-08-14
CUST_00760,2024-08-20
CUST_00761,2024-08-23
CUST_00762,2024-08-18
CUST_00763,2024-08-09
CUST_00764,2024-08-17
CUST_00765,2024-08-10
CUST_00766,2024-08-02
CUST_00767,2024-08-26
CUST_00768,2024-08-25
CUST_00769,2024-08-11
CUST_00770,2024-08-07
CUST_00771,2024-08-06
CUST_00772,2024-08-22
CUST_00773,2024-08-17
CUST_00774,2024-08-19
CUST_00775,2024-08-14
CUST_00776,2024-08-18
CUST_00777,2024-08-13
CUST_00778,2024-08-22
CUST_00779,2024-08-21
CUST_00780,2024-08-16
CUST_00781,2024-08-20
CUST_00782,2024-08-23
CUST_00783,2024-08-02
CUST_00784,2024-08-15
CUST_00785,2024-08-03
CUST_00786,2024-08-16
CUST_00787,2024-08-05
CUST_00788,2024-08-11
CUST_00789,2024-08-05
CUST_00790,2024-08-13
CUST_00791,2024-08-24
CUST_00792,2024-08-26
CUST_00793,2024-08-26
CUST_00794,2024-08-25
CUST_00795,2024-08-04
CUST_00796,2024-08-23
CUST_00797,2024-08-19
CUST_00798,2024-08-13
CUST_00799,2024-08-18
CUST_00800,2024-08-26
CUST_00801,2024-08-12
CUST_00802,2024-08-22
CUST_00803,2024-08-10
CUST_00804,2024-08-17
CUST_00805,2024-08-20
CUST_00806,2024-08-08
CUST_00807,2024-08-07
CUST_00808,2024-08-05
CUST_00809,2024-08-07
CUST_00810,2024-08-18
CUST_00811,2024-08-17
CUST_00812,2024-08-24
CUST_00813,2024-08-28
CUST_00814,2024-08-04
CUST_00815,2024-08-26
CUST_00816,2024-08-09
CUST_00817,2024-08-02
CUST_00818,2024-08-09
CUST_00819,2024-08-22
CUST_00820,2024-08-15
CUST_00821,2024-08-22
CUST_00822,2024-08-08
CUST_00823,2024-08-11
CUST_00824,2024-08-24
CUST_00825,2024-08-03
CUST_00826,2024-08-08
CUST_00827,2024-08-27
CUST_00828,2024-08-05
CUST_00829,2024-08-25
CUST_00830,2024-08-12
CUST_00831,2024-08-07
CUST_00832,2024-08-09
CUST_00833,2024-08-05
CUST_00834,2024-08-25
CUST_00835,2024-08-22
CUST_00836,2024-08-16
CUST_00837,2024-08-07
CUST_00838,2024-08-22
CUST_00839,2024-08-03
CUST_00840,2024-08-02
CUST_00841,2024-08-06
CUST_00842,2024-08-21
CUST_00843,2024-08-28
CUST_00844,2024-08-21
CUST_00845,2024-08-15
CUST_00846,2024-08-16
CUST_00847,2024-08-22
CUST_00848,2024-08-19
CUST_00849,2024-08-07
CUST_00850,2024-08-03
CUST_00851,2024-08-06
CUST_00852,2024-08-04
CUST_00853,2024-08-27
CUST_00854,2024-08-25
CUST_00855,2024-08-14
CUST_00856,2024-08-21
CUST_00857,2024-08-03
CUST_00858,2024-08-27
CUST_00859,2024-08-27
CUST_00860,2024-08-25
CUST_00861,2024-08-08
CUST_00862,2024-08-03
CUST_00863,2024-08-15
CUST_00864,2024-08-11
CUST_00865,2024-08-02
CUST_00866,2024-08-26
CUST_00867,2024-08-08
CUST_00868,2024-08-05
CUST_00869,2024-08-27
CUST_00870,2024-08-02
CUST_00871,2024-08-01
CUST_00872,2024-08-13
CUST_00873,2024-08-09
CUST_00874,2024-08-23
CUST_00875,2024-08-09
CUST_00876,2024-08-28
CUST_00877,2024-08-24
CUST_00878,2024-08-28
CUST_00879,2024-08-28
CUST_00880,2024-08-19
CUST_00881,2024-08-05
CUST_00882,2024-08-18
CUST_00883,2024-08-08
CUST_00884,2024-08-03
CUST_00885,2024-08-14
CUST_00886,2024-08-01
CUST_00887,2024-08-22
CUST_00888,2024-08-11
CUST_00889,2024-08-24
CUST_00890,2024-08-11
CUST_00891,2024-08-12
CUST_00892,2024-08-21
CUST_00893,2024-08-22
CUST_00894,2024-08-17
CUST_00895,2024-08-09
CUST_00896,2024-08-05
CUST_00897,2024-08-01
CUST_00898,2024-08-12
CUST_00899,2024-08-01
CUST_00900,2024-08-08
CUST_00901,2024-08-13
CUST_00902,2024-08-05
CUST_00903,2024-08-21
CUST_00904,2024-08-25
CUST_00905,2024-08-18
CUST_00906,2024-08-16
CUST_00907,2024-09-21
CUST_00908,2024-09-28
CUST_00909,2024-09-08
CUST_00910,2024-09-26
CUST_00911,2024-09-28
CUST_00912,2024-09-19
CUST_00913,2024-09-24
CUST_00914,2024-09-04
CUST_00915,2024-09-28
CUST_00916,2024-09-10
CUST_00917,2024-09-23
CUST_00918,2024-09-14
CUST_00919,2024-09-07
CUST_00920,2024-09-14
CUST_00921,2024-09-24
CUST_00922,2024-09-11
CUST_00923,2024-09-14
CUST_00924,2024-09-01
CUST_00925,2024-09-01
CUST_00926,2024-09-10
CUST_00927,2024-09-28
CUST_00928,2024-09-10
CUST_00929,2024-09-19
CUST_00930,2024-09-21
CUST_00931,2024-09-16
CUST_00932,2024-09-28
CUST_00933,2024-09-06
CUST_00934,2024-09-14
CUST_00935,2024-09-21
CUST_00936,2024-09-15
CUST_00937,2024-09-28
CUST_00938,2024-09-18
CUST_00939,2024-09-26
CUST_00940,2024-09-01
CUST_00941,2024-09-07
CUST_00942,2024-09-18
CUST_00943,2024-09-26
CUST_00944,2024-09-03
CUST_00945,2024-09-16
CUST_00946,2024-09-22
CUST_00947,2024-09-12
CUST_00948,2024-09-05
CUST_00949,2024-09-11
CUST_00950,2024-09-16
CUST_00951,2024-09-12
CUST_00952,2024-09-09
CUST_00953,2024-09-23
CUST_00954,2024-09-24
CUST_00955,2024-09-23
CUST_00956,2024-09-22
CUST_00957,2024-09-21
CUST_00958,2024-09-14
CUST_00959,2024-09-03
CUST_00960,2024-09-14
CUST_00961,2024-09-25
CUST_00962,2024-09-17
CUST_00963,2024-09-21
CUST_00964,2024-09-21
CUST_00965,2024-09-05
CUST_00966,2024-09-17
CUST_00967,2024-09-20
CUST_00968,2024-09-10
CUST_00969,2024-09-21
CUST_00970,2024-09-08
CUST_00971,2024-09-23
CUST_00972,2024-09-20
CUST_00973,2024-09-19
CUST_00974,2024-09-21
CUST_00975,2024-09-18
CUST_00976,2024-09-20
CUST_00977,2024-09-10
CUST_00978,2024-09-09
CUST_00979,2024-09-21
CUST_00980,2024-09-15
CUST_00981,2024-09-21
CUST_00982,2024-09-01
CUST_00983,2024-09-17
CUST_00984,2024-09-22
CUST_00985,2024-09-09
CUST_00986,2024-09-20
CUST_00987,2024-09-12
CUST_00988,2024-09-25
CUST_00989,2024-09-17
CUST_00990,2024-09-08
CUST_00991,2024-09-01
CUST_00992,2024-09-02
CUST_00993,2024-09-16
CUST_00994,2024-09-20
CUST_00995,2024-09-11
CUST_00996,2024-09-15
CUST_00997,2024-09-25
CUST_00998,2024-09-23
CUST_00999,2024-09-07
CUST_01000,2024-09-02
CUST_01001,2024-09-24
CUST_01002,2024-09-23
CUST_01003,2024-09-25
CUST_01004,2024-09-13
CUST_01005,2024-09-24
CUST_01006,2024-09-22
CUST_01007,2024-09-09
CUST_01008,2024-09-09
CUST_01009,2024-09-28
CUST_01010,2024-09-09
CUST_01011,2024-09-03
CUST_01012,2024-09-09
CUST_01013,2024-09-08
CUST_01014,2024-09-22
CUST_01015,2024-09-01
CUST_01016,2024-09-12
CUST_01017,2024-09-09
CUST_01018,2024-09-24
CUST_01019,2024-09-08
CUST_01020,2024-09-11
CUST_01021,2024-09-18
CUST_01022,2024-09-12
CUST_01023,2024-09-14
CUST_01024,2024-09-17
CUST_01025,2024-09-14
CUST_01026,2024-09-23
CUST_01027,2024-09-03
CUST_01028,2024-09-21
CUST_01029,2024-09-17
CUST_01030,2024-09-25
CUST_01031,2024-09-26
CUST_01032,2024-09-14
CUST_01033,2024-09-12
CUST_01034,2024-09-16
CUST_01035,2024-09-07
CUST_01036,2024-09-25
CUST_01037,2024-09-03
CUST_01038,2024-09-19
CUST_01039,2024-09-02
CUST_01040,2024-09-19
CUST_01041,2024-09-21
CUST_01042,2024-09-06
CUST_01043,2024-09-23
CUST_01044,2024-09-21
CUST_01045,2024-09-23
CUST_01046,2024-09-26
CUST_01047,2024-09-06
CUST_01048,2024-09-01
CUST_01049,2024-09-03
CUST_01050,2024-09-19
CUST_01051,2024-09-10
CUST_01052,2024-09-22
CUST_01053,2024-09-20
CUST_01054,2024-09-03
CUST_01055,2024-09-10
CUST_01056,2024-09-05
CUST_01057,2024-09-19
CUST_01058,2024-09-11
CUST_01059,2024-09-15
CUST_01060,2024-09-22
CUST_01061,2024-09-19
CUST_01062,2024-09-09
CUST_01063,2024-09-11
CUST_01064,2024-09-26
CUST_01065,2024-09-12
CUST_01066,2024-09-20
CUST_01067,2024-09-07
CUST_01068,2024-09-11
CUST_01069,2024-09-23
CUST_01070,2024-09-28
CUST_01071,2024-09-02
CUST_01072,2024-09-21
CUST_01073,2024-09-17
CUST_01074,2024-09-03
CUST_01075,2024-09-06
CUST_01076,2024-09-06
CUST_01077,2024-09-24
CUST_01078,2024-09-07
CUST_01079,2024-09-20
CUST_01080,2024-09-15
CUST_01081,2024-09-14
CUST_01082,2024-09-27
CUST_01083,2024-09-18
CUST_01084,2024-09-18
CUST_01085,2024-09-14
CUST_01086,2024-09-15
CUST_01087,2024-09-24
CUST_01088,2024-09-16
CUST_01089,2024-09-12
CUST_01090,2024-09-18
CUST_01091,2024-09-22
CUST_01092,2024-09-28
CUST_01093,2024-09-22
CUST_01094,2024-09-16
CUST_01095,2024-09-21
CUST_01096,2024-09-03
CUST_01097,2024-09-03
CUST_01098,2024-09-12
CUST_01099,2024-09-28
CUST_01100,2024-09-22
CUST_01101,2024-09-26
CUST_01102,2024-09-23
CUST_01103,2024-09-08
CUST_01104,2024-09-10
CUST_01105,2024-09-22
CUST_01106,2024-09-17
CUST_01107,2024-09-24
CUST_01108,2024-09-09
CUST_01109,2024-09-06
CUST_01110,2024-09-17
CUST_01111,2024-09-24
CUST_01112,2024-09-05
CUST_01113,2024-09-07
CUST_01114,2024-09-27
CUST_01115,2024-09-10
CUST_01116,2024-09-21
CUST_01117,2024-09-22
CUST_01118,2024-09-26
CUST_01119,2024-09-12
CUST_01120,2024-09-24
CUST_01121,2024-09-27
CUST_01122,2024-09-03
CUST_01123,2024-09-12
CUST_01124,2024-09-13
CUST_01125,2024-09-13
CUST_01126,2024-09-16
CUST_01127,2024-09-17
CUST_01128,2024-09-08
CUST_01129,2024-09-04
CUST_01130,2024-09-17
CUST_01131,2024-09-09
CUST_01132,2024-09-09
CUST_01133,2024-09-08
CUST_01134,2024-09-24
CUST_01135,2024-09-28
CUST_01136,2024-09-07
CUST_01137,2024-09-25
CUST_01138,2024-09-23
CUST_01139,2024-09-28
CUST_01140,2024-09-14
CUST_01141,2024-09-15
CUST_01142,2024-09-28
CUST_01143,2024-09-27
CUST_01144,2024-09-03
CUST_01145,2024-09-26
CUST_01146,2024-09-19
CUST_01147,2024-09-13
CUST_01148,2024-09-22
CUST_01149,2024-09-12
CUST_01150,2024-09-07
CUST_01151,2024-09-23
CUST_01152,2024-09-12
CUST_01153,2024-09-20
CUST_01154,2024-09-05
CUST_01155,2024-09-17
CUST_01156,2024-09-24
CUST_01157,2024-09-08
CUST_01158,2024-09-01
CUST_01159,2024-09-17
CUST_01160,2024-09-19
CUST_01161,2024-09-06
CUST_01162,2024-09-20
CUST_01163,2024-09-07
CUST_01164,2024-09-24
CUST_01165,2024-09-07
CUST_01166,2024-09-22
CUST_01167,2024-09-06
CUST_01168,2024-09-28
CUST_01169,2024-09-21
CUST_01170,2024-09-02
CUST_01171,2024-09-26
CUST_01172,2024-09-21
CUST_01173,2024-09-16
CUST_01174,2024-09-13
CUST_01175,2024-09-15
CUST_01176,2024-09-23
CUST_01177,2024-09-19
CUST_01178,2024-09-14
CUST_01179,2024-09-19
CUST_01180,2024-09-18
CUST_01181,2024-09-18
CUST_01182,2024-09-27
CUST_01183,2024-09-12
CUST_01184,2024-09-17
CUST_01185,2024-09-24
CUST_01186,2024-09-05
CUST_01187,2024-09-28
CUST_01188,2024-09-09
CUST_01189,2024-09-25
CUST_01190,2024-09-01
CUST_01191,2024-09-17
CUST_01192,2024-09-12
CUST_01193,2024-09-28
CUST_01194,2024-09-24
CUST_01195,2024-09-03
CUST_01196,2024-09-27
CUST_01197,2024-09-17
CUST_01198,2024-09-25
CUST_01199,2024-09-24
CUST_01200,2024-09-28
CUST_01201,2024-09-24
CUST_01202,2024-09-05
CUST_01203,2024-09-17
CUST_01204,2024-09-19
CUST_01205,2024-09-22
CUST_01206,2024-09-01
CUST_01207,2024-09-02
CUST_01208,2024-09-12
CUST_01209,2024-09-02
CUST_01210,2024-09-02
CUST_01211,2024-09-15
CUST_01212,2024-09-08
CUST_01213,2024-09-16
CUST_01214,2024-09-27
CUST_01215,2024-09-09
CUST_01216,2024-09-14
CUST_01217,2024-09-10
CUST_01218,2024-09-28
CUST_01219,2024-09-05
CUST_01220,2024-09-20
CUST_01221,2024-09-23
CUST_01222,2024-09-21
CUST_01223,2024-09-07
CUST_01224,2024-09-01
CUST_01225,2024-09-12
CUST_01226,2024-09-24
CUST_01227,2024-09-25
CUST_01228,2024-09-16
CUST_01229,2024-09-25
CUST_01230,2024-09-03
CUST_01231,2024-09-08
CUST_01232,2024-09-28
CUST_01233,2024-09-03
CUST_01234,2024-09-24
CUST_01235,2024-09-07
CUST_01236,2024-09-23
CUST_01237,2024-09-01
CUST_01238,2024-09-18
CUST_01239,2024-09-14
CUST_01240,2024-09-26
CUST_01241,2024-09-05
CUST_01242,2024-09-10
CUST_01243,2024-09-26
CUST_01244,2024-09-04
CUST_01245,2024-09-09
CUST_01246,2024-09-01
CUST_01247,2024-09-05
CUST_01248,2024-09-13
CUST_01249,2024-09-13
CUST_01250,2024-09-19
CUST_01251,2024-09-17
CUST_01252,2024-09-10
CUST_01253,2024-09-08
CUST_01254,2024-09-21
CUST_01255,2024-09-26
CUST_01256,2024-09-02
CUST_01257,2024-09-25
CUST_01258,2024-09-20
CUST_01259,2024-09-20
CUST_01260,2024-09-10
CUST_01261,2024-09-15
CUST_01262,2024-09-20
CUST_01263,2024-09-07
CUST_01264,2024-09-15
CUST_01265,2024-09-22
CUST_01266,2024-09-08
CUST_01267,2024-09-17
CUST_01268,2024-09-20
CUST_01269,2024-09-09
CUST_01270,2024-09-18
CUST_01271,2024-09-20
CUST_01272,2024-09-01
CUST_01273,2024-09-01
CUST_01274,2024-09-19
CUST_01275,2024-09-10
CUST_01276,2024-09-19
CUST_01277,2024-09-28
CUST_01278,2024-09-08
CUST_01279,2024-09-21
CUST_01280,2024-09-12
CUST_01281,2024-09-25
CUST_01282,2024-09-28
CUST_01283,2024-09-04
CUST_01284,2024-09-07
CUST_01285,2024-09-10
CUST_01286,2024-09-22
CUST_01287,2024-09-25
CUST_01288,2024-09-25
CUST_01289,2024-09-14
CUST_01290,2024-09-07
CUST_01291,2024-09-10
CUST_01292,2024-09-01
CUST_01293,2024-09-08
CUST_01294,2024-09-09
CUST_01295,2024-09-09
CUST_01296,2024-09-26
CUST_01297,2024-09-09
CUST_01298,2024-09-20
CUST_01299,2024-09-13
CUST_01300,2024-09-09
CUST_01301,2024-09-21
CUST_01302,2024-09-11
CUST_01303,2024-09-21
CUST_01304,2024-09-09
CUST_01305,2024-09-06
CUST_01306,2024-09-09
CUST_01307,2024-09-22
CUST_01308,2024-09-28
CUST_01309,2024-09-18
CUST_01310,2024-09-01
CUST_01311,2024-09-04
CUST_01312,2024-09-08
CUST_01313,2024-09-03
CUST_01314,2024-09-10
CUST_01315,2024-09-13
CUST_01316,2024-09-19
CUST_01317,2024-10-17
CUST_01318,2024-10-12
CUST_01319,2024-10-10
CUST_01320,2024-10-25
CUST_01321,2024-10-15
CUST_01322,2024-10-07
CUST_01323,2024-10-18
CUST_01324,2024-10-05
CUST_01325,2024-10-14
CUST_01326,2024-10-20
CUST_01327,2024-10-21
CUST_01328,2024-10-02
CUST_01329,2024-10-21
CUST_01330,2024-10-23
CUST_01331,2024-10-06
CUST_01332,2024-10-19
CUST_01333,2024-10-12
CUST_01334,2024-10-09
CUST_01335,2024-10-05
CUST_01336,2024-10-03
CUST_01337,2024-10-28
CUST_01338,2024-10-12
CUST_01339,2024-10-11
CUST_01340,2024-10-24
CUST_01341,2024-10-16
CUST_01342,2024-10-24
CUST_01343,2024-10-08
CUST_01344,2024-10-24
CUST_01345,2024-10-15
CUST_01346,2024-10-09
CUST_01347,2024-10-04
CUST_01348,2024-10-18
CUST_01349,2024-10-05
CUST_01350,2024-10-07
CUST_01351,2024-10-25
CUST_01352,2024-10-28
CUST_01353,2024-10-07
CUST_01354,2024-10-04
CUST_01355,2024-10-03
CUST_01356,2024-10-14
CUST_01357,2024-10-25
CUST_01358,2024-10-11
CUST_01359,2024-10-21
CUST_01360,2024-10-12
CUST_01361,2024-10-28
CUST_01362,2024-10-20
CUST_01363,2024-10-03
CUST_01364,2024-10-12
CUST_01365,2024-10-08
CUST_01366,2024-10-19
CUST_01367,2024-10-23
CUST_01368,2024-10-25
CUST_01369,2024-10-26
CUST_01370,2024-10-17
CUST_01371,2024-10-01
CUST_01372,2024-10-11
CUST_01373,2024-10-03
CUST_01374,2024-10-10
CUST_01375,2024-10-28
CUST_01376,2024-10-23
CUST_01377,2024-10-04
CUST_01378,2024-10-02
CUST_01379,2024-10-02
CUST_01380,2024-10-15
CUST_01381,2024-10-25
CUST_01382,2024-10-12
CUST_01383,2024-10-02
CUST_01384,2024-10-22
CUST_01385,2024-10-19
CUST_01386,2024-10-13
CUST_01387,2024-10-14
CUST_01388,2024-10-05
CUST_01389,2024-10-23
CUST_01390,2024-10-28
CUST_01391,2024-10-23
CUST_01392,2024-10-08
CUST_01393,2024-10-05
CUST_01394,2024-10-09
CUST_01395,2024-10-06
CUST_01396,2024-10-25
CUST_01397,2024-10-15
CUST_01398,2024-10-24
CUST_01399,2024-10-01
CUST_01400,2024-10-08
CUST_01401,2024-10-12
CUST_01402,2024-10-16
CUST_01403,2024-10-11
CUST_01404,2024-10-22
CUST_01405,2024-10-02
CUST_01406,2024-10-06
CUST_01407,2024-10-10
CUST_01408,2024-10-25
CUST_01409,2024-10-05
CUST_01410,2024-10-07
CUST_01411,2024-10-06
CUST_01412,2024-10-06
CUST_01413,2024-10-16
CUST_01414,2024-10-28
CUST_01415,2024-10-14
CUST_01416,2024-10-09
CUST_01417,2024-10-16
CUST_01418,2024-10-07
CUST_01419,2024-10-01
CUST_01420,2024-10-24
CUST_01421,2024-10-06
CUST_01422,2024-10-12
CUST_01423,2024-10-10
CUST_01424,2024-10-14
CUST_01425,2024-10-01
CUST_01426,2024-10-15
CUST_01427,2024-10-03
CUST_01428,2024-10-28
CUST_01429,2024-10-27
CUST_01430,2024-10-22
CUST_01431,2024-10-23
CUST_01432,2024-10-05
CUST_01433,2024-10-25
CUST_01434,2024-10-16
CUST_01435,2024-10-14
CUST_01436,2024-10-01
CUST_01437,2024-10-24
CUST_01438,2024-10-12
CUST_01439,2024-10-13
CUST_01440,2024-10-14
CUST_01441,2024-10-13
CUST_01442,2024-10-05
CUST_01443,2024-10-06
CUST_01444,2024-10-19
CUST_01445,2024-10-10
CUST_01446,2024-10-24
CUST_01447,2024-10-01
CUST_01448,2024-10-17
CUST_01449,2024-10-24
CUST_01450,2024-10-20
CUST_01451,2024-10-25
CUST_01452,2024-10-19
CUST_01453,2024-10-17
CUST_01454,2024-10-10
CUST_01455,2024-10-02
CUST_01456,2024-10-05
CUST_01457,2024-10-07
CUST_01458,2024-10-09
CUST_01459,2024-10-02
CUST_01460,2024-10-05
CUST_01461,2024-10-19
CUST_01462,2024-10-25
CUST_01463,2024-10-05
CUST_01464,2024-10-14
CUST_01465,2024-10-26
CUST_01466,2024-10-14
CUST_01467,2024-10-10
CUST_01468,2024-10-03
CUST_01469,2024-10-12
CUST_01470,2024-10-25
CUST_01471,2024-10-11
CUST_01472,2024-10-13
CUST_01473,2024-10-05
CUST_01474,2024-10-24
CUST_01475,2024-10-06
CUST_01476,2024-10-14
CUST_01477,2024-10-09
CUST_01478,2024-10-27
CUST_01479,2024-10-08
CUST_01480,2024-10-13
CUST_01481,2024-10-03
CUST_01482,2024-10-02
CUST_01483,2024-10-24
CUST_01484,2024-10-24
CUST_01485,2024-10-27
CUST_01486,2024-10-17
CUST_01487,2024-10-21
CUST_01488,2024-10-11
CUST_01489,2024-10-21
CUST_01490,2024-10-20
CUST_01491,2024-10-02
CUST_01492,2024-10-11
CUST_01493,2024-10-03
CUST_01494,2024-10-08
CUST_01495,2024-10-10
CUST_01496,2024-10-15
CUST_01497,2024-10-06
CUST_01498,2024-10-20
CUST_01499,2024-10-20
CUST_01500,2024-10-28
CUST_01501,2024-10-26
CUST_01502,2024-10-25
CUST_01503,2024-10-13
CUST_01504,2024-10-18
CUST_01505,2024-10-07
CUST_01506,2024-10-19
CUST_01507,2024-10-17
CUST_01508,2024-10-09
CUST_01509,2024-10-14
CUST_01510,2024-10-03
CUST_01511,2024-10-11
CUST_01512,2024-10-03
CUST_01513,2024-10-10
CUST_01514,2024-10-21
CUST_01515,2024-10-25
CUST_01516,2024-10-13
CUST_01517,2024-10-12
CUST_01518,2024-10-15
CUST_01519,2024-10-05
CUST_01520,2024-10-22
CUST_01521,2024-10-26
CUST_01522,2024-10-26
CUST_01523,2024-10-20
CUST_01524,2024-10-21
CUST_01525,2024-10-22
CUST_01526,2024-10-26
CUST_01527,2024-10-28
CUST_01528,2024-10-23
CUST_01529,2024-10-27
CUST_01530,2024-10-03
CUST_01531,2024-10-20
CUST_01532,2024-10-06
CUST_01533,2024-10-21
CUST_01534,2024-10-08
CUST_01535,2024-10-03
CUST_01536,2024-10-10
CUST_01537,2024-10-08
CUST_01538,2024-10-21
CUST_01539,2024-10-01
CUST_01540,2024-10-25
CUST_01541,2024-10-13
CUST_01542,2024-10-21
CUST_01543,2024-10-28
CUST_01544,2024-10-22
CUST_01545,2024-10-22
CUST_01546,2024-10-20
CUST_01547,2024-10-01
CUST_01548,2024-10-02
CUST_01549,2024-10-25
CUST_01550,2024-10-03
CUST_01551,2024-10-04
CUST_01552,2024-10-12
CUST_01553,2024-10-06
CUST_01554,2024-10-25
CUST_01555,2024-10-04
CUST_01556,2024-10-16
CUST_01557,2024-10-24
CUST_01558,2024-10-14
CUST_01559,2024-10-18
CUST_01560,2024-10-25
CUST_01561,2024-10-13
CUST_01562,2024-10-04
CUST_01563,2024-10-10
CUST_01564,2024-10-01
CUST_01565,2024-10-26
CUST_01566,2024-10-06
CUST_01567,2024-10-21
CUST_01568,2024-10-28
CUST_01569,2024-10-06
CUST_01570,2024-10-16
CUST_01571,2024-10-13
CUST_01572,2024-10-24
CUST_01573,2024-10-03
CUST_01574,2024-10-25
CUST_01575,2024-10-06
CUST_01576,2024-10-04
CUST_01577,2024-10-02
CUST_01578,2024-10-09
CUST_01579,2024-10-09
CUST_01580,2024-10-22
CUST_01581,2024-10-27
CUST_01582,2024-10-24
CUST_01583,2024-10-23
CUST_01584,2024-10-06
CUST_01585,2024-10-06
CUST_01586,2024-10-10
CUST_01587,2024-10-27
CUST_01588,2024-10-17
CUST_01589,2024-10-10
CUST_01590,2024-10-01
CUST_01591,2024-10-28
CUST_01592,2024-10-26
CUST_01593,2024-10-19
CUST_01594,2024-10-24
CUST_01595,2024-10-15
CUST_01596,2024-10-10
CUST_01597,2024-10-15
CUST_01598,2024-10-10
CUST_01599,2024-10-21
CUST_01600,2024-10-14
CUST_01601,2024-10-23
CUST_01602,2024-10-02
CUST_01603,2024-10-01
CUST_01604,2024-10-11
CUST_01605,2024-10-19
CUST_01606,2024-10-22
CUST_01607,2024-10-05
CUST_01608,2024-10-25
CUST_01609,2024-10-17
CUST_01610,2024-10-14
CUST_01611,2024-10-12
CUST_01612,2024-10-20
CUST_01613,2024-11-22
CUST_01614,2024-11-05
CUST_01615,2024-11-10
CUST_01616,2024-11-10
CUST_01617,2024-11-04
CUST_01618,2024-11-16
CUST_01619,2024-11-13
CUST_01620,2024-11-04
CUST_01621,2024-11-09
CUST_01622,2024-11-25
CUST_01623,2024-11-25
CUST_01624,2024-11-22
CUST_01625,2024-11-16
CUST_01626,2024-11-09
CUST_01627,2024-11-17
CUST_01628,2024-11-04
CUST_01629,2024-11-10
CUST_01630,2024-11-20
CUST_01631,2024-11-22
CUST_01632,2024-11-13
CUST_01633,2024-11-21
CUST_01634,2024-11-16
CUST_01635,2024-11-26
CUST_01636,2024-11-28
CUST_01637,2024-11-05
CUST_01638,2024-11-06
CUST_01639,2024-11-01
CUST_01640,2024-11-13
CUST_01641,2024-11-17
CUST_01642,2024-11-01
CUST_01643,2024-11-17
CUST_01644,2024-11-22
CUST_01645,2024-11-21
CUST_01646,2024-11-15
CUST_01647,2024-11-08
CUST_01648,2024-11-08
CUST_01649,2024-11-23
CUST_01650,2024-11-27
CUST_01651,2024-11-12
CUST_01652,2024-11-11
CUST_01653,2024-11-20
CUST_01654,2024-11-14
CUST_01655,2024-11-08
CUST_01656,2024-11-17
CUST_01657,2024-11-24
CUST_01658,2024-11-18
CUST_01659,2024-11-15
CUST_01660,2024-11-26
CUST_01661,2024-11-16
CUST_01662,2024-11-19
CUST_01663,2024-11-18
CUST_01664,2024-11-21
CUST_01665,2024-11-21
CUST_01666,2024-11-03
CUST_01667,2024-11-16
CUST_01668,2024-11-23
CUST_01669,2024-11-25
CUST_01670,2024-11-04
CUST_01671,2024-11-01
CUST_01672,2024-11-25
CUST_01673,2024-11-08
CUST_01674,2024-11-28
CUST_01675,2024-11-15
CUST_01676,2024-11-21
CUST_01677,2024-11-14
CUST_01678,2024-11-23
CUST_01679,2024-11-17
CUST_01680,2024-11-23
CUST_01681,2024-11-02
CUST_01682,2024-11-15
CUST_01683,2024-11-04
CUST_01684,2024-11-26
CUST_01685,2024-11-23
CUST_01686,2024-11-04
CUST_01687,2024-11-24
CUST_01688,2024-11-12
CUST_01689,2024-11-24
CUST_01690,2024-11-01
CUST_01691,2024-11-04
CUST_01692,2024-11-03
CUST_01693,2024-11-10
CUST_01694,2024-11-01
CUST_01695,2024-11-16
CUST_01696,2024-11-08
CUST_01697,2024-11-02
CUST_01698,2024-11-09
CUST_01699,2024-11-15
CUST_01700,2024-11-01
CUST_01701,2024-11-25
CUST_01702,2024-11-27
CUST_01703,2024-11-10
CUST_01704,2024-11-23
CUST_01705,2024-11-15
CUST_01706,2024-11-18
CUST_01707,2024-11-03
CUST_01708,2024-11-19
CUST_01709,2024-11-17
CUST_01710,2024-11-27
CUST_01711,2024-11-25
CUST_01712,2024-11-23
CUST_01713,2024-11-09
CUST_01714,2024-11-20
CUST_01715,2024-11-08
CUST_01716,2024-11-26
CUST_01717,2024-11-17
CUST_01718,2024-11-18
CUST_01719,2024-11-04
CUST_01720,2024-11-02
CUST_01721,2024-11-27
CUST_01722,2024-11-20
CUST_01723,2024-11-21
CUST_01724,2024-11-16
CUST_01725,2024-11-28
CUST_01726,2024-11-01
CUST_01727,2024-11-08
CUST_01728,2024-11-10
CUST_01729,2024-11-09
CUST_01730,2024-11-19
CUST_01731,2024-11-11
CUST_01732,2024-11-26
CUST_01733,2024-11-01
CUST_01734,2024-11-22
CUST_01735,2024-11-11
CUST_01736,2024-11-03
CUST_01737,2024-11-22
CUST_01738,2024-11-18
CUST_01739,2024-11-03
CUST_01740,2024-11-25
CUST_01741,2024-11-04
CUST_01742,2024-11-23
CUST_01743,2024-11-19
CUST_01744,2024-11-25
CUST_01745,2024-11-22
CUST_01746,2024-11-27
CUST_01747,2024-11-16
CUST_01748,2024-11-02
CUST_01749,2024-11-12
CUST_01750,2024-11-03
CUST_01751,2024-11-12
CUST_01752,2024-11-04
CUST_01753,2024-11-23
CUST_01754,2024-11-09
CUST_01755,2024-11-03
CUST_01756,2024-11-09
CUST_01757,2024-11-19
CUST_01758,2024-11-01
CUST_01759,2024-11-26
CUST_01760,2024-11-26
CUST_01761,2024-11-06
CUST_01762,2024-11-09
CUST_01763,2024-11-04
CUST_01764,2024-11-19
CUST_01765,2024-11-19
CUST_01766,2024-11-23
CUST_01767,2024-11-20
CUST_01768,2024-11-14
CUST_01769,2024-11-27
CUST_01770,2024-11-09
CUST_01771,2024-11-02
CUST_01772,2024-11-03
CUST_01773,2024-11-24
CUST_01774,2024-11-06
CUST_01775,2024-11-15
CUST_01776,2024-11-18
CUST_01777,2024-11-15
CUST_01778,2024-11-16
CUST_01779,2024-11-13
CUST_01780,2024-11-23
CUST_01781,2024-11-21
CUST_01782,2024-11-24
CUST_01783,2024-11-26
CUST_01784,2024-11-21
CUST_01785,2024-11-16
CUST_01786,2024-11-25
CUST_01787,2024-11-07
CUST_01788,2024-11-17
CUST_01789,2024-11-21
CUST_01790,2024-11-22
CUST_01791,2024-11-23
CUST_01792,2024-11-20
CUST_01793,2024-11-28
CUST_01794,2024-11-28
CUST_01795,2024-11-06
CUST_01796,2024-11-03
CUST_01797,2024-11-08
CUST_01798,2024-11-07
CUST_01799,2024-11-17
CUST_01800,2024-11-07
CUST_01801,2024-11-04
CUST_01802,2024-11-18
CUST_01803,2024-11-18
CUST_01804,2024-11-08
CUST_01805,2024-11-14
CUST_01806,2024-11-09
CUST_01807,2024-11-13
CUST_01808,2024-11-25
CUST_01809,2024-11-24
CUST_01810,2024-11-11
CUST_01811,2024-11-17
CUST_01812,2024-11-09
CUST_01813,2024-11-20
CUST_01814,2024-11-06
CUST_01815,2024-11-23
CUST_01816,2024-11-17
CUST_01817,2024-11-12
CUST_01818,2024-11-27
CUST_01819,2024-11-26
CUST_01820,2024-11-02
CUST_01821,2024-11-28
CUST_01822,2024-11-28
CUST_01823,2024-11-27
CUST_01824,2024-11-12
CUST_01825,2024-11-17
CUST_01826,2024-11-24
CUST_01827,2024-11-14
CUST_01828,2024-11-12
CUST_01829,2024-11-12
CUST_01830,2024-11-06
CUST_01831,2024-11-16
CUST_01832,2024-11-15
CUST_01833,2024-11-10
CUST_01834,2024-11-12
CUST_01835,2024-11-28
CUST_01836,2024-11-04
CUST_01837,2024-11-26
CUST_01838,2024-11-06
CUST_01839,2024-11-15
CUST_01840,2024-11-27
CUST_01841,2024-11-04
CUST_01842,2024-11-02
CUST_01843,2024-11-13
CUST_01844,2024-11-22
CUST_01845,2024-11-27
CUST_01846,2024-11-07
CUST_01847,2024-11-25
CUST_01848,2024-11-08
CUST_01849,2024-11-01
CUST_01850,2024-11-15
CUST_01851,2024-11-05
CUST_01852,2024-11-13
CUST_01853,2024-11-22
CUST_01854,2024-11-02
CUST_01855,2024-11-06
CUST_01856,2024-11-04
CUST_01857,2024-11-28
CUST_01858,2024-11-26
CUST_01859,2024-11-19
CUST_01860,2024-11-16
CUST_01861,2024-11-10
CUST_01862,2024-11-11
CUST_01863,2024-11-28
CUST_01864,2024-11-18
CUST_01865,2024-11-27
CUST_01866,2024-11-25
CUST_01867,2024-11-21
CUST_01868,2024-11-26
CUST_01869,2024-11-28
CUST_01870,2024-11-27
CUST_01871,2024-11-26
CUST_01872,2024-11-10
CUST_01873,2024-11-05
CUST_01874,2024-11-18
CUST_01875,2024-11-25
CUST_01876,2024-11-17
CUST_01877,2024-11-03
CUST_01878,2024-11-12
CUST_01879,2024-11-15
CUST_01880,2024-11-20
CUST_01881,2024-11-06
CUST_01882,2024-11-05
CUST_01883,2024-11-12
CUST_01884,2024-11-05
CUST_01885,2024-11-03
CUST_01886,2024-11-07
CUST_01887,2024-11-12
CUST_01888,2024-11-25
CUST_01889,2024-11-16
CUST_01890,2024-11-07
CUST_01891,2024-11-08
CUST_01892,2024-11-25
CUST_01893,2024-11-23
CUST_01894,2024-11-05
CUST_01895,2024-11-15
CUST_01896,2024-11-27
CUST_01897,2024-11-26
CUST_01898,2024-11-06
CUST_01899,2024-11-07
CUST_01900,2024-11-25
CUST_01901,2024-11-05
CUST_01902,2024-11-07
CUST_01903,2024-11-06
CUST_01904,2024-11-22
CUST_01905,2024-11-16
CUST_01906,2024-11-22
CUST_01907,2024-11-08
CUST_01908,2024-11-03
CUST_01909,2024-11-10
CUST_01910,2024-11-18
CUST_01911,2024-11-15
CUST_01912,2024-11-02
CUST_01913,2024-11-05
CUST_01914,2024-11-15
CUST_01915,2024-11-20
CUST_01916,2024-11-07
CUST_01917,2024-11-22
CUST_01918,2024-11-08
CUST_01919,2024-11-28
CUST_01920,2024-11-11
CUST_01921,2024-11-07
CUST_01922,2024-11-18
CUST_01923,2024-11-25
CUST_01924,2024-11-24
CUST_01925,2024-11-20
CUST_01926,2024-11-08
CUST_01927,2024-11-16
CUST_01928,2024-11-10
CUST_01929,2024-11-15
CUST_01930,2024-11-08
CUST_01931,2024-11-07
CUST_01932,2024-11-06
CUST_01933,2024-11-22
CUST_01934,2024-11-10
CUST_01935,2024-11-20
CUST_01936,2024-11-04
CUST_01937,2024-11-19
CUST_01938,2024-11-23
CUST_01939,2024-11-17
CUST_01940,2024-11-01
CUST_01941,2024-11-20
CUST_01942,2024-11-27
CUST_01943,2024-11-23
CUST_01944,2024-11-03
CUST_01945,2024-11-06
CUST_01946,2024-11-18
CUST_01947,2024-11-03
CUST_01948,2024-11-23
CUST_01949,2024-11-27
CUST_01950,2024-11-15
CUST_01951,2024-11-07
CUST_01952,2024-11-15
CUST_01953,2024-11-24
CUST_01954,2024-11-07
CUST_01955,2024-11-26
CUST_01956,2024-11-03
CUST_01957,2024-11-19
CUST_01958,2024-11-25
CUST_01959,2024-11-17
CUST_01960,2024-11-26
CUST_01961,2024-11-10
CUST_01962,2024-11-25
CUST_01963,2024-11-09
CUST_01964,2024-11-08
CUST_01965,2024-11-11
CUST_01966,2024-11-23
CUST_01967,2024-11-08
CUST_01968,2024-11-02
CUST_01969,2024-11-26
CUST_01970,2024-11-26
CUST_01971,2024-11-04
CUST_01972,2024-11-26
CUST_01973,2024-11-16
CUST_01974,2024-11-12
CUST_01975,2024-11-17
CUST_01976,2024-11-02
CUST_01977,2024-11-25
CUST_01978,2024-11-16
CUST_01979,2024-11-25
CUST_01980,2024-11-12
CUST_01981,2024-11-01
CUST_01982,2024-11-02
CUST_01983,2024-11-25
CUST_01984,2024-11-27
CUST_01985,2024-11-15
CUST_01986,2024-11-13
CUST_01987,2024-11-28
CUST_01988,2024-11-22
CUST_01989,2024-11-03
CUST_01990,2024-11-20
CUST_01991,2024-11-06
CUST_01992,2024-11-26
CUST_01993,2024-11-08
CUST_01994,2024-11-06
CUST_01995,2024-11-27
CUST_01996,2024-11-07
CUST_01997,2024-11-22
CUST_01998,2024-11-08
CUST_01999,2024-11-13
CUST_02000,2024-11-24
CUST_02001,2024-11-20
CUST_02002,2024-11-17
CUST_02003,2024-11-23
CUST_02004,2024-11-14
CUST_02005,2024-11-13
CUST_02006,2024-11-07
CUST_02007,2024-11-20
CUST_02008,2024-11-27
CUST_02009,2024-11-22
CUST_02010,2024-11-05
CUST_02011,2024-11-19
CUST_02012,2024-11-01
CUST_02013,2024-11-26
CUST_02014,2024-11-08
CUST_02015,2024-11-03
CUST_02016,2024-11-15
CUST_02017,2024-11-12
CUST_02018,2024-11-04
CUST_02019,2024-11-12
CUST_02020,2024-11-12
CUST_02021,2024-11-24
CUST_02022,2024-11-05
CUST_02023,2024-11-05
CUST_02024,2024-11-17
CUST_02025,2024-11-26
CUST_02026,2024-11-18
CUST_02027,2024-11-19
CUST_02028,2024-11-09
CUST_02029,2024-11-15
CUST_02030,2024-11-24
CUST_02031,2024-11-01
CUST_02032,2024-11-20
CUST_02033,2024-11-06
CUST_02034,2024-11-06
CUST_02035,2024-11-14
CUST_02036,2024-11-11
CUST_02037,2024-11-20
CUST_02038,2024-11-15
CUST_02039,2024-11-26
CUST_02040,2024-11-04
CUST_02041,2024-11-04
CUST_02042,2024-11-07
CUST_02043,2024-11-08
CUST_02044,2024-11-07
CUST_02045,2024-12-06
CUST_02046,2024-12-23
CUST_02047,2024-12-25
CUST_02048,2024-12-07
CUST_02049,2024-12-18
CUST_02050,2024-12-07
CUST_02051,2024-12-23
CUST_02052,2024-12-05
CUST_02053,2024-12-16
CUST_02054,2024-12-06
CUST_02055,2024-12-14
CUST_02056,2024-12-05
CUST_02057,2024-12-14
CUST_02058,2024-12-16
CUST_02059,2024-12-27
CUST_02060,2024-12-26
CUST_02061,2024-12-11
CUST_02062,2024-12-27
CUST_02063,2024-12-12
CUST_02064,2024-12-15
CUST_02065,2024-12-03
CUST_02066,2024-12-20
CUST_02067,2024-12-17
CUST_02068,2024-12-12
CUST_02069,2024-12-17
CUST_02070,2024-12-16
CUST_02071,2024-12-14
CUST_02072,2024-12-03
CUST_02073,2024-12-25
CUST_02074,2024-12-13
CUST_02075,2024-12-11
CUST_02076,2024-12-11
CUST_02077,2024-12-18
CUST_02078,2024-12-14
CUST_02079,2024-12-09
CUST_02080,2024-12-16
CUST_02081,2024-12-08
CUST_02082,2024-12-20
CUST_02083,2024-12-08
CUST_02084,2024-12-04
CUST_02085,2024-12-22
CUST_02086,2024-12-25
CUST_02087,2024-12-23
CUST_02088,2024-12-17
CUST_02089,2024-12-14
CUST_02090,2024-12-10
CUST_02091,2024-12-19
CUST_02092,2024-12-10
CUST_02093,2024-12-06
CUST_02094,2024-12-22
CUST_02095,2024-12-12
CUST_02096,2024-12-04
CUST_02097,2024-12-07
CUST_02098,2024-12-27
CUST_02099,2024-12-05
CUST_02100,2024-12-13
CUST_02101,2024-12-28
CUST_02102,2024-12-22
CUST_02103,2024-12-10
CUST_02104,2024-12-08
CUST_02105,2024-12-12
CUST_02106,2024-12-03
CUST_02107,2024-12-27
CUST_02108,2024-12-11
CUST_02109,2024-12-24
CUST_02110,2024-12-19
CUST_02111,2024-12-11
CUST_02112,2024-12-15
CUST_02113,2024-12-09
CUST_02114,2024-12-21
CUST_02115,2024-12-02
CUST_02116,2024-12-11
CUST_02117,2024-12-22
CUST_02118,2024-12-27
CUST_02119,2024-12-04
CUST_02120,2024-12-04
CUST_02121,2024-12-07
CUST_02122,2024-12-09
CUST_02123,2024-12-24
CUST_02124,2024-12-02
CUST_02125,2024-12-08
CUST_02126,2024-12-18
CUST_02127,2024-12-07
CUST_02128,2024-12-10
CUST_02129,2024-12-27
CUST_02130,2024-12-13
CUST_02131,2024-12-16
CUST_02132,2024-12-06
CUST_02133,2024-12-16
CUST_02134,2024-12-14
CUST_02135,2024-12-28
CUST_02136,2024-12-22
CUST_02137,2024-12-07
CUST_02138,2024-12-11
CUST_02139,2024-12-22
CUST_02140,2024-12-23
CUST_02141,2024-12-22
CUST_02142,2024-12-13
CUST_02143,2024-12-24
CUST_02144,2024-12-10
CUST_02145,2024-12-05
CUST_02146,2024-12-12
CUST_02147,2024-12-15
CUST_02148,2024-12-02
CUST_02149,2024-12-14
CUST_02150,2024-12-05
CUST_02151,2024-12-24
CUST_02152,2024-12-27
CUST_02153,2024-12-23
CUST_02154,2024-12-13
CUST_02155,2024-12-03
CUST_02156,2024-12-20
CUST_02157,2024-12-20
CUST_02158,2024-12-26
CUST_02159,2024-12-12
CUST_02160,2024-12-06
CUST_02161,2024-12-07
CUST_02162,2024-12-25
CUST_02163,2024-12-19
CUST_02164,2024-12-18
CUST_02165,2024-12-05
CUST_02166,2024-12-08
CUST_02167,2024-12-17
CUST_02168,2024-12-25
CUST_02169,2024-12-25
CUST_02170,2024-12-18
CUST_02171,2024-12-21
CUST_02172,2024-12-25
CUST_02173,2024-12-10
CUST_02174,2024-12-23
CUST_02175,2024-12-25
CUST_02176,2024-12-20
CUST_02177,2024-12-15
CUST_02178,2024-12-08
CUST_02179,2024-12-26
CUST_02180,2024-12-06
CUST_02181,2024-12-25
CUST_02182,2024-12-07
CUST_02183,2024-12-14
CUST_02184,2024-12-16
CUST_02185,2024-12-11
CUST_02186,2024-12-10
CUST_02187,2024-12-20
CUST_02188,2024-12-05
CUST_02189,2024-12-27
CUST_02190,2024-12-22
CUST_02191,2024-12-26
CUST_02192,2024-12-22
CUST_02193,2024-12-26
CUST_02194,2024-12-09
CUST_02195,2024-12-03
CUST_02196,2024-12-12
CUST_02197,2024-12-23
CUST_02198,2024-12-08
CUST_02199,2024-12-21
CUST_02200,2024-12-21
CUST_02201,2024-12-23
CUST_02202,2024-12-04
CUST_02203,2024-12-05
CUST_02204,2024-12-16
CUST_02205,2024-12-03
CUST_02206,2024-12-17
CUST_02207,2024-12-13
CUST_02208,2024-12-10
CUST_02209,2024-12-20
CUST_02210,2024-12-23
CUST_02211,2024-12-25
CUST_02212,2024-12-21
CUST_02213,2024-12-03
CUST_02214,2024-12-15
CUST_02215,2024-12-19
CUST_02216,2024-12-22
CUST_02217,2024-12-08
CUST_02218,2024-12-10
CUST_02219,2024-12-09
CUST_02220,2024-12-28
CUST_02221,2024-12-02
CUST_02222,2024-12-24
CUST_02223,2024-12-20
CUST_02224,2024-12-18
CUST_02225,2024-12-20
CUST_02226,2024-12-28
CUST_02227,2024-12-20
CUST_02228,2024-12-05
CUST_02229,2024-12-09
CUST_02230,2024-12-07
CUST_02231,2024-12-12
CUST_02232,2024-12-22
CUST_02233,2024-12-01
CUST_02234,2024-12-02
CUST_02235,2024-12-01
CUST_02236,2024-12-19
CUST_02237,2024-12-09
CUST_02238,2024-12-10
CUST_02239,2024-12-23
CUST_02240,2024-12-27
CUST_02241,2024-12-16
CUST_02242,2024-12-18
CUST_02243,2024-12-06
CUST_02244,2024-12-17
CUST_02245,2024-12-16
CUST_02246,2024-12-17
CUST_02247,2024-12-18
CUST_02248,2024-12-18
CUST_02249,2024-12-15
CUST_02250,2024-12-28
CUST_02251,2024-12-09
CUST_02252,2024-12-25
CUST_02253,2024-12-27
CUST_02254,2024-12-13
CUST_02255,2024-12-20
CUST_02256,2024-12-02
CUST_02257,2024-12-03
CUST_02258,2024-12-21
CUST_02259,2024-12-06
CUST_02260,2024-12-15
CUST_02261,2024-12-22
CUST_02262,2024-12-05
CUST_02263,2024-12-10
CUST_02264,2024-12-09
CUST_02265,2024-12-27
CUST_02266,2024-12-28
CUST_02267,2024-12-21
CUST_02268,2025-01-19
CUST_02269,2025-01-26
CUST_02270,2025-01-27
CUST_02271,2025-01-22
CUST_02272,2025-01-06
CUST_02273,2025-01-28
CUST_02274,2025-01-27
CUST_02275,2025-01-24
CUST_02276,2025-01-16
CUST_02277,2025-01-27
CUST_02278,2025-01-01
CUST_02279,2025-01-28
CUST_02280,2025-01-12
CUST_02281,2025-01-02
CUST_02282,2025-01-04
CUST_02283,2025-01-20
CUST_02284,2025-01-16
CUST_02285,2025-01-18
CUST_02286,2025-01-23
CUST_02287,2025-01-17
CUST_02288,2025-01-09
CUST_02289,2025-01-15
CUST_02290,2025-01-06
CUST_02291,2025-01-14
CUST_02292,2025-01-05
CUST_02293,2025-01-07
CUST_02294,2025-01-03
CUST_02295,2025-01-23
CUST_02296,2025-01-11
CUST_02297,2025-01-27
CUST_02298,2025-01-11
CUST_02299,2025-01-26
CUST_02300,2025-01-25
CUST_02301,2025-01-28
CUST_02302,2025-01-22
CUST_02303,2025-01-12
CUST_02304,2025-01-12
CUST_02305,2025-01-18
CUST_02306,2025-01-01
CUST_02307,2025-01-05
CUST_02308,2025-01-02
CUST_02309,2025-01-27
CUST_02310,2025-01-13
CUST_02311,2025-01-22
CUST_02312,2025-01-22
CUST_02313,2025-01-24
CUST_02314,2025-01-22
CUST_02315,2025-01-09
CUST_02316,2025-01-06
CUST_02317,2025-01-25
CUST_02318,2025-01-21
CUST_02319,2025-01-28
CUST_02320,2025-01-28
CUST_02321,2025-01-01
CUST_02322,2025-01-20
CUST_02323,2025-01-22
CUST_02324,2025-01-16
CUST_02325,2025-01-02
CUST_02326,2025-01-18
CUST_02327,2025-01-19
CUST_02328,2025-01-13
CUST_02329,2025-01-22
CUST_02330,2025-01-25
CUST_02331,2025-01-19
CUST_02332,2025-01-21
CUST_02333,2025-01-20
CUST_02334,2025-01-01
CUST_02335,2025-01-13
CUST_02336,2025-01-07
CUST_02337,2025-01-25
CUST_02338,2025-01-26
CUST_02339,2025-01-27
CUST_02340,2025-01-28
CUST_02341,2025-01-04
CUST_02342,2025-01-28
CUST_02343,2025-01-19
CUST_02344,2025-01-27
CUST_02345,2025-01-11
CUST_02346,2025-01-02
CUST_02347,2025-01-12
CUST_02348,2025-01-03
CUST_02349,2025-01-26
CUST_02350,2025-01-24
CUST_02351,2025-01-20
CUST_02352,2025-01-10
CUST_02353,2025-01-04
CUST_02354,2025-01-21
CUST_02355,2025-01-12
CUST_02356,2025-01-06
CUST_02357,2025-01-11
CUST_02358,2025-01-04
CUST_02359,2025-01-17
CUST_02360,2025-01-13
CUST_02361,2025-01-06
CUST_02362,2025-01-28
CUST_02363,2025-01-11
CUST_02364,2025-01-25
CUST_02365,2025-01-15
CUST_02366,2025-01-13
CUST_02367,2025-01-13
CUST_02368,2025-01-06
CUST_02369,2025-01-21
CUST_02370,2025-01-17
CUST_02371,2025-01-26
CUST_02372,2025-01-23
CUST_02373,2025-01-24
CUST_02374,2025-01-27
CUST_02375,2025-01-20
CUST_02376,2025-01-10
CUST_02377,2025-01-03
CUST_02378,2025-01-09
CUST_02379,2025-01-21
CUST_02380,2025-01-02
CUST_02381,2025-01-11
CUST_02382,2025-01-24
CUST_02383,2025-01-19
CUST_02384,2025-01-16
CUST_02385,2025-01-24
CUST_02386,2025-01-22
CUST_02387,2025-01-26
CUST_02388,2025-01-28
CUST_02389,2025-01-08
CUST_02390,2025-01-10
CUST_02391,2025-01-16
CUST_02392,2025-01-12
CUST_02393,2025-01-25
CUST_02394,2025-01-02
CUST_02395,2025-01-17
CUST_02396,2025-01-27
CUST_02397,2025-01-26
CUST_02398,2025-01-07
CUST_02399,2025-01-12
CUST_02400,2025-01-19
CUST_02401,2025-01-05
CUST_02402,2025-01-09
CUST_02403,2025-01-09
CUST_02404,2025-01-02
CUST_02405,2025-01-25
CUST_02406,2025-01-12
CUST_02407,2025-01-27
CUST_02408,2025-01-10
CUST_02409,2025-01-27
CUST_02410,2025-01-04
CUST_02411,2025-01-06
CUST_02412,2025-01-04
CUST_02413,2025-01-15
CUST_02414,2025-01-24
CUST_02415,2025-01-02
CUST_02416,2025-01-11
CUST_02417,2025-01-04
CUST_02418,2025-01-15
CUST_02419,2025-01-08
CUST_02420,2025-01-21
CUST_02421,2025-01-21
CUST_02422,2025-01-06
CUST_02423,2025-01-16
CUST_02424,2025-01-01
CUST_02425,2025-01-01
CUST_02426,2025-01-10
CUST_02427,2025-01-16
CUST_02428,2025-01-11
CUST_02429,2025-01-17
CUST_02430,2025-01-04
CUST_02431,2025-01-10
CUST_02432,2025-01-22
CUST_02433,2025-01-03
CUST_02434,2025-01-20
CUST_02435,2025-01-15
CUST_02436,2025-01-26
CUST_02437,2025-01-14
CUST_02438,2025-01-21
CUST_02439,2025-01-13
CUST_02440,2025-01-27
CUST_02441,2025-01-11
CUST_02442,2025-01-11
CUST_02443,2025-01-28
CUST_02444,2025-01-27
CUST_02445,2025-01-10
CUST_02446,2025-01-01
CUST_02447,2025-01-06
CUST_02448,2025-01-01
CUST_02449,2025-01-25
CUST_02450,2025-01-28
CUST_02451,2025-01-03
CUST_02452,2025-01-22
CUST_02453,2025-01-26
CUST_02454,2025-01-25
CUST_02455,2025-01-11
CUST_02456,2025-01-04
CUST_02457,2025-01-14
CUST_02458,2025-01-13
CUST_02459,2025-01-06
CUST_02460,2025-01-14
CUST_02461,2025-01-07
CUST_02462,2025-01-17
CUST_02463,2025-01-09
CUST_02464,2025-01-10
CUST_02465,2025-01-21
CUST_02466,2025-01-13
CUST_02467,2025-01-27
CUST_02468,2025-01-10
CUST_02469,2025-01-09
CUST_02470,2025-01-11
CUST_02471,2025-01-19
CUST_02472,2025-01-01
CUST_02473,2025-01-16
CUST_02474,2025-01-14
CUST_02475,2025-01-28
CUST_02476,2025-01-21
CUST_02477,2025-01-23
CUST_02478,2025-01-19
CUST_02479,2025-01-11
CUST_02480,2025-01-25
CUST_02481,2025-01-20
CUST_02482,2025-01-23
CUST_02483,2025-01-04
CUST_02484,2025-01-27
CUST_02485,2025-01-28
CUST_02486,2025-01-27
CUST_02487,2025-01-12
CUST_02488,2025-01-17
CUST_02489,2025-01-25
CUST_02490,2025-01-16
CUST_02491,2025-01-07
CUST_02492,2025-01-03
CUST_02493,2025-01-20
CUST_02494,2025-01-16
CUST_02495,2025-01-17
CUST_02496,2025-01-10
CUST_02497,2025-01-28
CUST_02498,2025-01-02
CUST_02499,2025-01-27
CUST_02500,2025-01-16
CUST_02501,2025-01-04
CUST_02502,2025-01-11
CUST_02503,2025-01-08
CUST_02504,2025-01-22
CUST_02505,2025-02-13
CUST_02506,2025-02-23
CUST_02507,2025-02-10
CUST_02508,2025-02-15
CUST_02509,2025-02-09
CUST_02510,2025-02-25
CUST_02511,2025-02-12
CUST_02512,2025-02-03
CUST_02513,2025-02-26
CUST_02514,2025-02-12
CUST_02515,2025-02-12
CUST_02516,2025-02-01
CUST_02517,2025-02-18
CUST_02518,2025-02-25
CUST_02519,2025-02-06
CUST_02520,2025-02-15
CUST_02521,2025-02-15
CUST_02522,2025-02-04
CUST_02523,2025-02-18
CUST_02524,2025-02-05
CUST_02525,2025-02-17
CUST_02526,2025-02-18
CUST_02527,2025-02-21
CUST_02528,2025-02-09
CUST_02529,2025-02-08
CUST_02530,2025-02-01
CUST_02531,2025-02-03
CUST_02532,2025-02-22
CUST_02533,2025-02-10
CUST_02534,2025-02-10
CUST_02535,2025-02-15
CUST_02536,2025-02-20
CUST_02537,2025-02-15
CUST_02538,2025-02-07
CUST_02539,2025-02-25
CUST_02540,2025-02-19
CUST_02541,2025-02-01
CUST_02542,2025-02-18
CUST_02543,2025-02-05
CUST_02544,2025-02-24
CUST_02545,2025-02-19
CUST_02546,2025-02-09
CUST_02547,2025-02-19
CUST_02548,2025-02-15
CUST_02549,2025-02-24
CUST_02550,2025-02-24
CUST_02551,2025-02-18
CUST_02552,2025-02-15
CUST_02553,2025-02-09
CUST_02554,2025-02-08
CUST_02555,2025-02-02
CUST_02556,2025-02-25
CUST_02557,2025-02-28
CUST_02558,2025-02-17
CUST_02559,2025-02-27
CUST_02560,2025-02-01
CUST_02561,2025-02-18
CUST_02562,2025-02-26
CUST_02563,2025-02-19
CUST_02564,2025-02-22
CUST_02565,2025-02-06
CUST_02566,2025-02-19
CUST_02567,2025-02-20
CUST_02568,2025-02-25
CUST_02569,2025-02-24
CUST_02570,2025-02-21
CUST_02571,2025-02-09
CUST_02572,2025-02-01
CUST_02573,2025-02-26
CUST_02574,2025-02-09
CUST_02575,2025-02-16
CUST_02576,2025-02-23
CUST_02577,2025-02-01
CUST_02578,2025-02-19
CUST_02579,2025-02-10
CUST_02580,2025-02-09
CUST_02581,2025-02-19
CUST_02582,2025-02-20
CUST_02583,2025-02-01
CUST_02584,2025-02-27
CUST_02585,2025-02-22
CUST_02586,2025-02-10
CUST_02587,2025-02-09
CUST_02588,2025-02-23
CUST_02589,2025-02-27
CUST_02590,2025-02-27
CUST_02591,2025-02-02
CUST_02592,2025-02-03
CUST_02593,2025-02-11
CUST_02594,2025-02-13
CUST_02595,2025-02-23
CUST_02596,2025-02-21
CUST_02597,2025-02-02
CUST_02598,2025-02-02
CUST_02599,2025-02-09
CUST_02600,2025-02-08
CUST_02601,2025-02-04
CUST_02602,2025-02-17
CUST_02603,2025-02-10
CUST_02604,2025-02-02
CUST_02605,2025-02-02
CUST_02606,2025-02-15
CUST_02607,2025-02-23
CUST_02608,2025-02-04
CUST_02609,2025-02-25
CUST_02610,2025-02-01
CUST_02611,2025-02-19
CUST_02612,2025-02-27
CUST_02613,2025-02-21
CUST_02614,2025-02-12
CUST_02615,2025-02-18
CUST_02616,2025-02-25
CUST_02617,2025-02-16
CUST_02618,2025-02-14
CUST_02619,2025-02-01
CUST_02620,2025-02-28
CUST_02621,2025-02-28
CUST_02622,2025-02-01
CUST_02623,2025-02-03
CUST_02624,2025-02-02
CUST_02625,2025-02-10
CUST_02626,2025-02-09
CUST_02627,2025-02-14
CUST_02628,2025-02-24
CUST_02629,2025-02-17
CUST_02630,2025-02-22
CUST_02631,2025-02-28
CUST_02632,2025-02-16
CUST_02633,2025-02-09
CUST_02634,2025-02-04
CUST_02635,2025-02-09
CUST_02636,2025-02-04
CUST_02637,2025-02-05
CUST_02638,2025-02-06
CUST_02639,2025-02-10
CUST_02640,2025-02-23
CUST_02641,2025-02-13
CUST_02642,2025-02-15
CUST_02643,2025-02-09
CUST_02644,2025-02-27
CUST_02645,2025-02-17
CUST_02646,2025-02-12
CUST_02647,2025-02-24
CUST_02648,2025-02-09
CUST_02649,2025-02-08
CUST_02650,2025-02-05
CUST_02651,2025-02-15
CUST_02652,2025-02-27
CUST_02653,2025-02-19
CUST_02654,2025-02-10
CUST_02655,2025-02-25
CUST_02656,2025-02-01
CUST_02657,2025-02-04
CUST_02658,2025-02-28
CUST_02659,2025-02-17
CUST_02660,2025-02-24
CUST_02661,2025-02-21
CUST_02662,2025-02-13
CUST_02663,2025-02-22
CUST_02664,2025-02-26
CUST_02665,2025-02-16
CUST_02666,2025-02-15
CUST_02667,2025-02-16
CUST_02668,2025-02-17
CUST_02669,2025-02-03
CUST_02670,2025-02-14
CUST_02671,2025-02-17
CUST_02672,2025-02-18
CUST_02673,2025-02-02
CUST_02674,2025-02-26
CUST_02675,2025-02-04
CUST_02676,2025-02-23
CUST_02677,2025-02-07
CUST_02678,2025-02-27
CUST_02679,2025-02-18
CUST_02680,2025-02-16
CUST_02681,2025-02-23
CUST_02682,2025-02-19
CUST_02683,2025-02-06
CUST_02684,2025-02-26
CUST_02685,2025-02-08
CUST_02686,2025-02-24
CUST_02687,2025-02-17
CUST_02688,2025-02-13
CUST_02689,2025-02-11
CUST_02690,2025-02-26
CUST_02691,2025-02-27
CUST_02692,2025-02-01
CUST_02693,2025-02-21
CUST_02694,2025-02-14
CUST_02695,2025-02-23
CUST_02696,2025-02-13
CUST_02697,2025-02-18
CUST_02698,2025-02-05
CUST_02699,2025-02-02
CUST_02700,2025-02-02
CUST_02701,2025-02-07
CUST_02702,2025-02-25
CUST_02703,2025-02-21
CUST_02704,2025-02-22
CUST_02705,2025-02-05
CUST_02706,2025-02-09
CUST_02707,2025-02-11
CUST_02708,2025-02-09
CUST_02709,2025-02-15
CUST_02710,2025-02-01
CUST_02711,2025-02-25
CUST_02712,2025-02-20
CUST_02713,2025-02-12
CUST_02714,2025-02-06
CUST_02715,2025-02-18
CUST_02716,2025-02-27
CUST_02717,2025-02-26
CUST_02718,2025-02-03
CUST_02719,2025-02-14
CUST_02720,2025-02-11
CUST_02721,2025-02-23
CUST_02722,2025-02-25
CUST_02723,2025-03-05
CUST_02724,2025-03-05
CUST_02725,2025-03-27
CUST_02726,2025-03-12
CUST_02727,2025-03-28
CUST_02728,2025-03-14
CUST_02729,2025-03-06
CUST_02730,2025-03-21
CUST_02731,2025-03-15
CUST_02732,2025-03-01
CUST_02733,2025-03-08
CUST_02734,2025-03-20
CUST_02735,2025-03-15
CUST_02736,2025-03-24
CUST_02737,2025-03-25
CUST_02738,2025-03-17
CUST_02739,2025-03-01
CUST_02740,2025-03-09
CUST_02741,2025-03-20
CUST_02742,2025-03-08
CUST_02743,2025-03-20
CUST_02744,2025-03-25
CUST_02745,2025-03-16
CUST_02746,2025-03-27
CUST_02747,2025-03-08
CUST_02748,2025-03-06
CUST_02749,2025-03-19
CUST_02750,2025-03-26
CUST_02751,2025-03-24
CUST_02752,2025-03-13
CUST_02753,2025-03-07
CUST_02754,2025-03-28
CUST_02755,2025-03-08
CUST_02756,2025-03-27
CUST_02757,2025-03-02
CUST_02758,2025-03-11
CUST_02759,2025-03-25
CUST_02760,2025-03-20
CUST_02761,2025-03-04
CUST_02762,2025-03-20
CUST_02763,2025-03-03
CUST_02764,2025-03-04
CUST_02765,2025-03-16
CUST_02766,2025-03-17
CUST_02767,2025-03-25
CUST_02768,2025-03-10
CUST_02769,2025-03-22
CUST_02770,2025-03-02
CUST_02771,2025-03-17
CUST_02772,2025-03-22
CUST_02773,2025-03-23
CUST_02774,2025-03-13
CUST_02775,2025-03-10
CUST_02776,2025-03-04
CUST_02777,2025-03-22
CUST_02778,2025-03-28
CUST_02779,2025-03-08
CUST_02780,2025-03-15
CUST_02781,2025-03-26
CUST_02782,2025-03-17
CUST_02783,2025-03-11
CUST_02784,2025-03-22
CUST_02785,2025-03-22
CUST_02786,2025-03-13
CUST_02787,2025-03-16
CUST_02788,2025-03-11
CUST_02789,2025-03-22
CUST_02790,2025-03-09
CUST_02791,2025-03-02
CUST_02792,2025-03-26
CUST_02793,2025-03-23
CUST_02794,2025-03-12
CUST_02795,2025-03-17
CUST_02796,2025-03-18
CUST_02797,2025-03-20
CUST_02798,2025-03-08
CUST_02799,2025-03-20
CUST_02800,2025-03-11
CUST_02801,2025-03-04
CUST_02802,2025-03-24
CUST_02803,2025-03-26
CUST_02804,2025-03-22
CUST_02805,2025-03-17
CUST_02806,2025-03-10
CUST_02807,2025-03-08
CUST_02808,2025-03-09
CUST_02809,2025-03-18
CUST_02810,2025-03-24
CUST_02811,2025-03-07
CUST_02812,2025-03-12
CUST_02813,2025-03-19
CUST_02814,2025-03-19
CUST_02815,2025-03-12
CUST_02816,2025-03-16
CUST_02817,2025-03-28
CUST_02818,2025-03-10
CUST_02819,2025-03-12
CUST_02820,2025-03-14
CUST_02821,2025-03-27
CUST_02822,2025-03-22
CUST_02823,2025-03-22
CUST_02824,2025-03-22
CUST_02825,2025-03-17
CUST_02826,2025-03-23
CUST_02827,2025-03-22
CUST_02828,2025-03-02
CUST_02829,2025-03-19
CUST_02830,2025-03-21
CUST_02831,2025-03-01
CUST_02832,2025-03-17
CUST_02833,2025-03-12
CUST_02834,2025-03-12
CUST_02835,2025-03-05
CUST_02836,2025-03-27
CUST_02837,2025-03-09
CUST_02838,2025-03-22
CUST_02839,2025-03-13
CUST_02840,2025-03-15
CUST_02841,2025-03-12
CUST_02842,2025-03-15
CUST_02843,2025-03-22
CUST_02844,2025-03-10
CUST_02845,2025-03-04
CUST_02846,2025-03-19
CUST_02847,2025-03-04
CUST_02848,2025-03-27
CUST_02849,2025-03-28
CUST_02850,2025-03-25
CUST_02851,2025-03-26
CUST_02852,2025-03-04
CUST_02853,2025-03-27
CUST_02854,2025-03-23
CUST_02855,2025-03-21
CUST_02856,2025-03-05
CUST_02857,2025-03-28
CUST_02858,2025-03-28
CUST_02859,2025-03-17
CUST_02860,2025-03-14
CUST_02861,2025-03-22
CUST_02862,2025-03-21
CUST_02863,2025-03-19
CUST_02864,2025-03-23
CUST_02865,2025-03-13
CUST_02866,2025-03-28
CUST_02867,2025-03-25
CUST_02868,2025-03-04
CUST_02869,2025-03-05
CUST_02870,2025-03-26
CUST_02871,2025-03-15
CUST_02872,2025-03-04
CUST_02873,2025-03-09
CUST_02874,2025-03-18
CUST_02875,2025-03-19
CUST_02876,2025-03-05
CUST_02877,2025-03-15
CUST_02878,2025-03-14
CUST_02879,2025-03-13
CUST_02880,2025-03-07
CUST_02881,2025-03-05
CUST_02882,2025-03-15
CUST_02883,2025-03-15
CUST_02884,2025-03-02
CUST_02885,2025-03-12
CUST_02886,2025-03-25
CUST_02887,2025-03-02
CUST_02888,2025-03-21
CUST_02889,2025-03-14
CUST_02890,2025-03-04
CUST_02891,2025-03-10
CUST_02892,2025-03-27
CUST_02893,2025-03-06
CUST_02894,2025-03-14
CUST_02895,2025-03-16
CUST_02896,2025-03-19
CUST_02897,2025-03-05
CUST_02898,2025-03-07
CUST_02899,2025-03-06
CUST_02900,2025-03-10
CUST_02901,2025-03-02
CUST_02902,2025-03-07
CUST_02903,2025-03-21
CUST_02904,2025-03-17
CUST_02905,2025-03-07
CUST_02906,2025-03-06
CUST_02907,2025-03-16
CUST_02908,2025-03-16
CUST_02909,2025-03-03
CUST_02910,2025-03-14
CUST_02911,2025-03-01
CUST_02912,2025-03-06
CUST_02913,2025-03-07
CUST_02914,2025-03-15
CUST_02915,2025-03-17
CUST_02916,2025-03-06
CUST_02917,2025-03-11
CUST_02918,2025-03-26
CUST_02919,2025-03-13
CUST_02920,2025-03-10
CUST_02921,2025-03-27
CUST_02922,2025-03-23
CUST_02923,2025-03-01
CUST_02924,2025-03-14
CUST_02925,2025-03-18
CUST_02926,2025-03-11
CUST_02927,2025-03-02
CUST_02928,2025-03-02
CUST_02929,2025-03-22
CUST_02930,2025-03-15
CUST_02931,2025-03-21
CUST_02932,2025-03-14
CUST_02933,2025-03-16
CUST_02934,2025-03-21
CUST_02935,2025-03-02
CUST_02936,2025-03-15
CUST_02937,2025-03-08
CUST_02938,2025-03-05
CUST_02939,2025-03-07
CUST_02940,2025-03-11
CUST_02941,2025-03-03
CUST_02942,2025-03-05
CUST_02943,2025-03-02
CUST_02944,2025-03-12
CUST_02945,2025-03-01
CUST_02946,2025-03-16
CUST_02947,2025-03-05
CUST_02948,2025-03-10
CUST_02949,2025-03-14
CUST_02950,2025-03-19
CUST_02951,2025-03-07
CUST_02952,2025-03-13
CUST_02953,2025-03-20
CUST_02954,2025-03-20
CUST_02955,2025-03-13
CUST_02956,2025-03-12
CUST_02957,2025-03-13
CUST_02958,2025-03-11
CUST_02959,2025-03-19
CUST_02960,2025-03-01
CUST_02961,2025-03-06
CUST_02962,2025-03-14
CUST_02963,2025-03-23
CUST_02964,2025-03-28
CUST_02965,2025-03-05
CUST_02966,2025-03-24
CUST_02967,2025-03-22
CUST_02968,2025-03-27
CUST_02969,2025-03-28
CUST_02970,2025-03-18
CUST_02971,2025-03-27
CUST_02972,2025-03-13
CUST_02973,2025-03-23
CUST_02974,2025-04-11
CUST_02975,2025-04-08
CUST_02976,2025-04-11
CUST_02977,2025-04-21
CUST_02978,2025-04-10
CUST_02979,2025-04-03
CUST_02980,2025-04-11
CUST_02981,2025-04-04
CUST_02982,2025-04-08
CUST_02983,2025-04-04
CUST_02984,2025-04-16
CUST_02985,2025-04-01
CUST_02986,2025-04-22
CUST_02987,2025-04-27
CUST_02988,2025-04-04
CUST_02989,2025-04-05
CUST_02990,2025-04-20
CUST_02991,2025-04-27
CUST_02992,2025-04-19
CUST_02993,2025-04-08
CUST_02994,2025-04-08
CUST_02995,2025-04-05
CUST_02996,2025-04-15
CUST_02997,2025-04-22
CUST_02998,2025-04-03
CUST_02999,2025-04-17
CUST_03000,2025-04-09
CUST_03001,2025-04-03
CUST_03002,2025-04-16
CUST_03003,2025-04-23
CUST_03004,2025-04-19
CUST_03005,2025-04-02
CUST_03006,2025-04-25
CUST_03007,2025-04-08
CUST_03008,2025-04-23
CUST_03009,2025-04-09
CUST_03010,2025-04-02
CUST_03011,2025-04-19
CUST_03012,2025-04-21
CUST_03013,2025-04-19
CUST_03014,2025-04-09
CUST_03015,2025-04-19
CUST_03016,2025-04-25
CUST_03017,2025-04-13
CUST_03018,2025-04-16
CUST_03019,2025-04-27
CUST_03020,2025-04-24
CUST_03021,2025-04-21
CUST_03022,2025-04-10
CUST_03023,2025-04-24
CUST_03024,2025-04-14
CUST_03025,2025-04-08
CUST_03026,2025-04-11
CUST_03027,2025-04-22
CUST_03028,2025-04-23
CUST_03029,2025-04-10
CUST_03030,2025-04-04
CUST_03031,2025-04-23
CUST_03032,2025-04-22
CUST_03033,2025-04-04
CUST_03034,2025-04-02
CUST_03035,2025-04-15
CUST_03036,2025-04-15
CUST_03037,2025-04-05
CUST_03038,2025-04-23
CUST_03039,2025-04-20
CUST_03040,2025-04-20
CUST_03041,2025-04-23
CUST_03042,2025-04-22
CUST_03043,2025-04-20
CUST_03044,2025-04-22
CUST_03045,2025-04-26
CUST_03046,2025-04-21
CUST_03047,2025-04-26
CUST_03048,2025-04-12
CUST_03049,2025-04-09
CUST_03050,2025-04-20
CUST_03051,2025-04-13
CUST_03052,2025-04-21
CUST_03053,2025-04-27
CUST_03054,2025-04-27
CUST_03055,2025-04-15
CUST_03056,2025-04-06
CUST_03057,2025-04-08
CUST_03058,2025-04-17
CUST_03059,2025-04-12
CUST_03060,2025-04-18
CUST_03061,2025-04-01
CUST_03062,2025-04-25
CUST_03063,2025-04-20
CUST_03064,2025-04-19
CUST_03065,2025-04-25
CUST_03066,2025-04-12
CUST_03067,2025-04-28
CUST_03068,2025-04-12
CUST_03069,2025-04-16
CUST_03070,2025-04-28
CUST_03071,2025-04-22
CUST_03072,2025-04-28
CUST_03073,2025-04-03
CUST_03074,2025-04-20
CUST_03075,2025-04-01
CUST_03076,2025-04-05
CUST_03077,2025-04-09
CUST_03078,2025-04-08
CUST_03079,2025-04-08
CUST_03080,2025-04-14
CUST_03081,2025-04-14
CUST_03082,2025-04-07
CUST_03083,2025-04-24
CUST_03084,2025-04-10
CUST_03085,2025-04-05
CUST_03086,2025-04-22
CUST_03087,2025-04-04
CUST_03088,2025-04-05
CUST_03089,2025-04-22
CUST_03090,2025-04-18
CUST_03091,2025-04-03
CUST_03092,2025-04-16
CUST_03093,2025-04-17
CUST_03094,2025-04-20
CUST_03095,2025-04-24
CUST_03096,2025-04-17
CUST_03097,2025-04-20
CUST_03098,2025-04-17
CUST_03099,2025-04-17
CUST_03100,2025-04-25
CUST_03101,2025-04-06
CUST_03102,2025-04-24
CUST_03103,2025-04-14
CUST_03104,2025-04-15
CUST_03105,2025-04-08
CUST_03106,2025-04-13
CUST_03107,2025-04-01
CUST_03108,2025-04-07
CUST_03109,2025-04-04
CUST_03110,2025-04-10
CUST_03111,2025-04-16
CUST_03112,2025-04-09
CUST_03113,2025-04-14
CUST_03114,2025-04-06
CUST_03115,2025-04-24
CUST_03116,2025-04-25
CUST_03117,2025-04-09
CUST_03118,2025-04-04
CUST_03119,2025-04-05
CUST_03120,2025-04-20
CUST_03121,2025-04-06
CUST_03122,2025-04-20
CUST_03123,2025-04-27
CUST_03124,2025-04-17
CUST_03125,2025-04-28
CUST_03126,2025-04-07
CUST_03127,2025-04-23
CUST_03128,2025-04-13
CUST_03129,2025-04-01
CUST_03130,2025-04-01
CUST_03131,2025-04-20
CUST_03132,2025-04-18
CUST_03133,2025-04-21
CUST_03134,2025-04-11
CUST_03135,2025-04-14
CUST_03136,2025-04-25
CUST_03137,2025-04-27
CUST_03138,2025-04-22
CUST_03139,2025-04-03
CUST_03140,2025-04-20
CUST_03141,2025-04-24
CUST_03142,2025-04-24
CUST_03143,2025-04-03
CUST_03144,2025-04-02
CUST_03145,2025-04-19
CUST_03146,2025-04-05
CUST_03147,2025-04-03
CUST_03148,2025-04-10
CUST_03149,2025-04-16
CUST_03150,2025-04-13
CUST_03151,2025-04-18
CUST_03152,2025-04-25
CUST_03153,2025-04-03
CUST_03154,2025-04-16
CUST_03155,2025-04-27
CUST_03156,2025-04-06
CUST_03157,2025-04-04
CUST_03158,2025-04-25
CUST_03159,2025-04-27
CUST_03160,2025-04-15
CUST_03161,2025-04-17
CUST_03162,2025-04-27
CUST_03163,2025-04-07
CUST_03164,2025-04-16
CUST_03165,2025-04-27
CUST_03166,2025-04-08
CUST_03167,2025-04-02
CUST_03168,2025-04-24
CUST_03169,2025-04-16
CUST_03170,2025-04-11
CUST_03171,2025-04-24
CUST_03172,2025-04-06
CUST_03173,2025-04-22
CUST_03174,2025-04-23
CUST_03175,2025-04-13
CUST_03176,2025-04-10
CUST_03177,2025-04-16
CUST_03178,2025-04-24
CUST_03179,2025-04-24
CUST_03180,2025-04-02
CUST_03181,2025-05-08
CUST_03182,2025-05-11
CUST_03183,2025-05-01
CUST_03184,2025-05-04
CUST_03185,2025-05-23
CUST_03186,2025-05-18
CUST_03187,2025-05-19
CUST_03188,2025-05-28
CUST_03189,2025-05-06
CUST_03190,2025-05-21
CUST_03191,2025-05-25
CUST_03192,2025-05-16
CUST_03193,2025-05-01
CUST_03194,2025-05-27
CUST_03195,2025-05-21
CUST_03196,2025-05-17
CUST_03197,2025-05-28
CUST_03198,2025-05-20
CUST_03199,2025-05-26
CUST_03200,2025-05-02
CUST_03201,2025-05-19
CUST_03202,2025-05-21
CUST_03203,2025-05-13
CUST_03204,2025-05-09
CUST_03205,2025-05-14
CUST_03206,2025-05-05
CUST_03207,2025-05-16
CUST_03208,2025-05-03
CUST_03209,2025-05-26
CUST_03210,2025-05-26
CUST_03211,2025-05-22
CUST_03212,2025-05-11
CUST_03213,2025-05-01
CUST_03214,2025-05-25
CUST_03215,2025-05-26
CUST_03216,2025-05-17
CUST_03217,2025-05-21
CUST_03218,2025-05-22
CUST_03219,2025-05-22
CUST_03220,2025-05-06
CUST_03221,2025-05-27
CUST_03222,2025-05-08
CUST_03223,2025-05-20
CUST_03224,2025-05-03
CUST_03225,2025-05-15
CUST_03226,2025-05-04
CUST_03227,2025-05-08
CUST_03228,2025-05-20
CUST_03229,2025-05-08
CUST_03230,2025-05-12
CUST_03231,2025-05-28
CUST_03232,2025-05-21
CUST_03233,2025-05-28
CUST_03234,2025-05-11
CUST_03235,2025-05-16
CUST_03236,2025-05-22
CUST_03237,2025-05-24
CUST_03238,2025-05-11
CUST_03239,2025-05-19
CUST_03240,2025-05-05
CUST_03241,2025-05-09
CUST_03242,2025-05-10
CUST_03243,2025-05-18
CUST_03244,2025-05-20
CUST_03245,2025-05-26
CUST_03246,2025-05-10
CUST_03247,2025-05-15
CUST_03248,2025-05-23
CUST_03249,2025-05-13
CUST_03250,2025-05-12
CUST_03251,2025-05-12
CUST_03252,2025-05-24
CUST_03253,2025-05-01
CUST_03254,2025-05-13
CUST_03255,2025-05-21
CUST_03256,2025-05-22
CUST_03257,2025-05-19
CUST_03258,2025-05-23
CUST_03259,2025-05-04
CUST_03260,2025-05-24
CUST_03261,2025-05-19
CUST_03262,2025-05-27
CUST_03263,2025-05-23
CUST_03264,2025-05-01
CUST_03265,2025-05-19
CUST_03266,2025-05-26
CUST_03267,2025-05-19
CUST_03268,2025-05-08
CUST_03269,2025-05-16
CUST_03270,2025-05-05
CUST_03271,2025-05-06
CUST_03272,2025-05-01
CUST_03273,2025-05-28
CUST_03274,2025-05-03
CUST_03275,2025-05-09
CUST_03276,2025-05-07
CUST_03277,2025-05-24
CUST_03278,2025-05-07
CUST_03279,2025-05-15
CUST_03280,2025-05-13
CUST_03281,2025-05-12
CUST_03282,2025-05-06
CUST_03283,2025-05-06
CUST_03284,2025-05-12
CUST_03285,2025-05-28
CUST_03286,2025-05-23
CUST_03287,2025-05-19
CUST_03288,2025-05-17
CUST_03289,2025-05-02
CUST_03290,2025-05-11
CUST_03291,2025-05-04
CUST_03292,2025-05-28
CUST_03293,2025-05-23
CUST_03294,2025-05-10
CUST_03295,2025-05-14
CUST_03296,2025-05-10
CUST_03297,2025-05-14
CUST_03298,2025-05-02
CUST_03299,2025-05-20
CUST_03300,2025-05-20
CUST_03301,2025-05-18
CUST_03302,2025-05-06
CUST_03303,2025-05-01
CUST_03304,2025-05-02
CUST_03305,2025-05-06
CUST_03306,2025-05-11
CUST_03307,2025-05-03
CUST_03308,2025-05-15
CUST_03309,2025-05-04
CUST_03310,2025-05-09
CUST_03311,2025-05-17
CUST_03312,2025-05-02
CUST_03313,2025-05-24
CUST_03314,2025-05-24
CUST_03315,2025-05-04
CUST_03316,2025-05-17
CUST_03317,2025-05-15
CUST_03318,2025-05-10
CUST_03319,2025-05-16
CUST_03320,2025-05-17
CUST_03321,2025-05-06
CUST_03322,2025-05-17
CUST_03323,2025-05-08
CUST_03324,2025-05-07
CUST_03325,2025-05-25
CUST_03326,2025-05-24
CUST_03327,2025-05-07
CUST_03328,2025-05-01
CUST_03329,2025-05-02
CUST_03330,2025-05-17
CUST_03331,2025-05-04
CUST_03332,2025-05-13
CUST_03333,2025-05-07
CUST_03334,2025-05-21
CUST_03335,2025-05-23
CUST_03336,2025-05-04
CUST_03337,2025-05-15
CUST_03338,2025-05-02
CUST_03339,2025-05-04
CUST_03340,2025-05-16
CUST_03341,2025-05-11
CUST_03342,2025-05-21
CUST_03343,2025-05-24
CUST_03344,2025-05-28
CUST_03345,2025-05-02
CUST_03346,2025-05-26
CUST_03347,2025-05-07
CUST_03348,2025-05-19
CUST_03349,2025-05-17
CUST_03350,2025-05-19
CUST_03351,2025-05-08
CUST_03352,2025-05-27
CUST_03353,2025-05-06
CUST_03354,2025-05-13
CUST_03355,2025-05-23
CUST_03356,2025-05-19
CUST_03357,2025-05-17
CUST_03358,2025-05-02
CUST_03359,2025-05-27
CUST_03360,2025-05-06
CUST_03361,2025-05-04
CUST_03362,2025-05-03
CUST_03363,2025-05-05
CUST_03364,2025-05-16
CUST_03365,2025-05-27
CUST_03366,2025-05-05
CUST_03367,2025-05-13
CUST_03368,2025-05-22
CUST_03369,2025-05-18
CUST_03370,2025-05-24
CUST_03371,2025-05-17
CUST_03372,2025-05-05
CUST_03373,2025-05-15
CUST_03374,2025-05-15
CUST_03375,2025-05-10
CUST_03376,2025-05-12
CUST_03377,2025-05-18
CUST_03378,2025-05-04
CUST_03379,2025-05-20
CUST_03380,2025-05-08
CUST_03381,2025-05-03
CUST_03382,2025-05-20
CUST_03383,2025-05-08
CUST_03384,2025-05-08
CUST_03385,2025-05-14
CUST_03386,2025-05-15
CUST_03387,2025-05-07
CUST_03388,2025-05-21
CUST_03389,2025-05-16
CUST_03390,2025-05-02
CUST_03391,2025-05-12
CUST_03392,2025-05-05
CUST_03393,2025-05-08
CUST_03394,2025-05-19
CUST_03395,2025-05-14
CUST_03396,2025-05-05
CUST_03397,2025-05-21
CUST_03398,2025-05-19
CUST_03399,2025-05-04
CUST_03400,2025-05-11
CUST_03401,2025-05-13
CUST_03402,2025-05-05
CUST_03403,2025-05-18
CUST_03404,2025-05-05
CUST_03405,2025-05-02
CUST_03406,2025-05-12
CUST_03407,2025-05-18
CUST_03408,2025-05-11
CUST_03409,2025-05-15
CUST_03410,2025-05-01
CUST_03411,2025-05-20
CUST_03412,2025-05-03
CUST_03413,2025-05-03
CUST_03414,2025-05-26
CUST_03415,2025-05-21
CUST_03416,2025-05-09
CUST_03417,2025-05-25
CUST_03418,2025-05-11
CUST_03419,2025-05-18
CUST_03420,2025-05-06
CUST_03421,2025-05-08
CUST_03422,2025-05-15
CUST_03423,2025-05-23
CUST_03424,2025-05-23
CUST_03425,2025-05-22
CUST_03426,2025-05-03
CUST_03427,2025-05-12
CUST_03428,2025-05-09
CUST_03429,2025-05-10
CUST_03430,2025-05-16
CUST_03431,2025-05-08
CUST_03432,2025-05-24
CUST_03433,2025-05-07
CUST_03434,2025-05-08
CUST_03435,2025-05-05
CUST_03436,2025-05-20
CUST_03437,2025-05-26
CUST_03438,2025-05-17
CUST_03439,2025-05-07
CUST_03440,2025-05-04
CUST_03441,2025-05-18
CUST_03442,2025-05-07
CUST_03443,2025-05-16
CUST_03444,2025-05-05
CUST_03445,2025-05-01
CUST_03446,2025-05-19
CUST_03447,2025-05-24
CUST_03448,2025-05-07
CUST_03449,2025-05-12
CUST_03450,2025-05-09
CUST_03451,2025-05-13
CUST_03452,2025-05-26
CUST_03453,2025-05-11
CUST_03454,2025-05-11
CUST_03455,2025-05-04
CUST_03456,2025-05-26
CUST_03457,2025-05-04
CUST_03458,2025-05-24
CUST_03459,2025-05-04
CUST_03460,2025-05-25
CUST_03461,2025-05-28
CUST_03462,2025-05-16
CUST_03463,2025-05-06
CUST_03464,2025-05-28
CUST_03465,2025-05-22
CUST_03466,2025-05-04
CUST_03467,2025-05-06
CUST_03468,2025-05-03
CUST_03469,2025-05-11
CUST_03470,2025-05-21
CUST_03471,2025-05-23
CUST_03472,2025-05-18
CUST_03473,2025-05-26
CUST_03474,2025-06-24
CUST_03475,2025-06-17
CUST_03476,2025-06-16
CUST_03477,2025-06-14
CUST_03478,2025-06-20
CUST_03479,2025-06-05
CUST_03480,2025-06-18
CUST_03481,2025-06-19
CUST_03482,2025-06-02
CUST_03483,2025-06-11
CUST_03484,2025-06-10
CUST_03485,2025-06-04
CUST_03486,2025-06-05
CUST_03487,2025-06-11
CUST_03488,2025-06-11
CUST_03489,2025-06-02
CUST_03490,2025-06-08
CUST_03491,2025-06-18
CUST_03492,2025-06-16
CUST_03493,2025-06-08
CUST_03494,2025-06-09
CUST_03495,2025-06-21
CUST_03496,2025-06-16
CUST_03497,2025-06-02
CUST_03498,2025-06-04
CUST_03499,2025-06-08
CUST_03500,2025-06-09
CUST_03501,2025-06-26
CUST_03502,2025-06-13
CUST_03503,2025-06-16
CUST_03504,2025-06-22
CUST_03505,2025-06-06
CUST_03506,2025-06-06
CUST_03507,2025-06-16
CUST_03508,2025-06-01
CUST_03509,2025-06-01
CUST_03510,2025-06-02
CUST_03511,2025-06-07
CUST_03512,2025-06-14
CUST_03513,2025-06-18
CUST_03514,2025-06-22
CUST_03515,2025-06-13
CUST_03516,2025-06-22
CUST_03517,2025-06-22
CUST_03518,2025-06-02
CUST_03519,2025-06-13
CUST_03520,2025-06-19
CUST_03521,2025-06-23
CUST_03522,2025-06-21
CUST_03523,2025-06-17
CUST_03524,2025-06-12
CUST_03525,2025-06-25
CUST_03526,2025-06-04
CUST_03527,2025-06-05
CUST_03528,2025-06-23
CUST_03529,2025-06-05
CUST_03530,2025-06-27
CUST_03531,2025-06-09
CUST_03532,2025-06-05
CUST_03533,2025-06-06
CUST_03534,2025-06-21
CUST_03535,2025-06-14
CUST_03536,2025-06-06
CUST_03537,2025-06-25
CUST_03538,2025-06-02
CUST_03539,2025-06-14
CUST_03540,2025-06-05
CUST_03541,2025-06-12
CUST_03542,2025-06-07
CUST_03543,2025-06-22
CUST_03544,2025-06-10
CUST_03545,2025-06-05
CUST_03546,2025-06-10
CUST_03547,2025-06-05
CUST_03548,2025-06-21
CUST_03549,2025-06-07
CUST_03550,2025-06-09
CUST_03551,2025-06-25
CUST_03552,2025-06-18
CUST_03553,2025-06-20
CUST_03554,2025-06-22
CUST_03555,2025-06-22
CUST_03556,2025-06-11
CUST_03557,2025-06-19
CUST_03558,2025-06-13
CUST_03559,2025-06-26
CUST_03560,2025-06-15
CUST_03561,2025-06-21
CUST_03562,2025-06-14
CUST_03563,2025-06-05
CUST_03564,2025-06-20
CUST_03565,2025-06-02
CUST_03566,2025-06-02
CUST_03567,2025-06-25
CUST_03568,2025-06-17
CUST_03569,2025-06-15
CUST_03570,2025-06-28
CUST_03571,2025-06-25
CUST_03572,2025-06-25
CUST_03573,2025-06-09
CUST_03574,2025-06-02
CUST_03575,2025-06-14
CUST_03576,2025-06-09
CUST_03577,2025-06-20
CUST_03578,2025-06-01
CUST_03579,2025-06-11
CUST_03580,2025-06-01
CUST_03581,2025-06-14
CUST_03582,2025-06-28
CUST_03583,2025-06-18
CUST_03584,2025-06-16
CUST_03585,2025-06-01
CUST_03586,2025-06-08
CUST_03587,2025-06-16
CUST_03588,2025-06-03
CUST_03589,2025-06-09
CUST_03590,2025-06-13
CUST_03591,2025-06-27
CUST_03592,2025-06-19
CUST_03593,2025-06-17
CUST_03594,2025-06-08
CUST_03595,2025-06-19
CUST_03596,2025-06-12
CUST_03597,2025-06-20
CUST_03598,2025-06-03
CUST_03599,2025-06-23
CUST_03600,2025-06-01
CUST_03601,2025-06-28
CUST_03602,2025-06-26
CUST_03603,2025-06-16
CUST_03604,2025-06-19
CUST_03605,2025-06-17
CUST_03606,2025-06-21
CUST_03607,2025-06-11
CUST_03608,2025-06-24
CUST_03609,2025-06-12
CUST_03610,2025-06-10
CUST_03611,2025-06-15
CUST_03612,2025-06-04
CUST_03613,2025-06-24
CUST_03614,2025-06-27
CUST_03615,2025-06-09
CUST_03616,2025-06-12
CUST_03617,2025-06-25
CUST_03618,2025-06-13
CUST_03619,2025-06-14
CUST_03620,2025-06-22
CUST_03621,2025-06-06
CUST_03622,2025-06-06
CUST_03623,2025-06-01
CUST_03624,2025-06-14
CUST_03625,2025-06-16
CUST_03626,2025-06-09
CUST_03627,2025-06-03
CUST_03628,2025-06-05
CUST_03629,2025-06-09
CUST_03630,2025-06-02
CUST_03631,2025-06-11
CUST_03632,2025-06-12
CUST_03633,2025-06-23
CUST_03634,2025-06-24
CUST_03635,2025-06-01
CUST_03636,2025-06-11
CUST_03637,2025-06-26
CUST_03638,2025-06-18
CUST_03639,2025-06-01
CUST_03640,2025-06-25
CUST_03641,2025-06-19
CUST_03642,2025-06-10
CUST_03643,2025-06-06
CUST_03644,2025-06-01
CUST_03645,2025-06-01
CUST_03646,2025-06-02
CUST_03647,2025-06-22
CUST_03648,2025-06-20
CUST_03649,2025-06-22
CUST_03650,2025-06-19
CUST_03651,2025-06-03
CUST_03652,2025-06-26
CUST_03653,2025-06-19
CUST_03654,2025-06-11
CUST_03655,2025-06-14
CUST_03656,2025-06-20
CUST_03657,2025-06-17
CUST_03658,2025-06-28
CUST_03659,2025-06-04
CUST_03660,2025-06-28
CUST_03661,2025-06-15
CUST_03662,2025-06-19
CUST_03663,2025-06-14
CUST_03664,2025-06-04
CUST_03665,2025-06-16
CUST_03666,2025-06-05
CUST_03667,2025-06-03
CUST_03668,2025-06-08
CUST_03669,2025-06-04
CUST_03670,2025-06-11
CUST_03671,2025-06-06
CUST_03672,2025-06-24
CUST_03673,2025-06-22
CUST_03674,2025-06-09
CUST_03675,2025-06-12
CUST_03676,2025-06-18
CUST_03677,2025-06-13
CUST_03678,2025-06-14
CUST_03679,2025-06-28
CUST_03680,2025-06-15
CUST_03681,2025-06-20
CUST_03682,2025-06-11
CUST_03683,2025-06-08
CUST_03684,2025-06-03
CUST_03685,2025-06-26
CUST_03686,2025-06-28
CUST_03687,2025-06-04
CUST_03688,2025-06-12
CUST_03689,2025-06-07
CUST_03690,2025-06-25
CUST_03691,2025-06-01
CUST_03692,2025-06-14
CUST_03693,2025-06-10
CUST_03694,2025-06-13
CUST_03695,2025-06-12
CUST_03696,2025-06-12
CUST_03697,2025-06-07
CUST_03698,2025-06-01
CUST_03699,2025-06-18
CUST_03700,2025-06-27
CUST_03701,2025-06-23
CUST_03702,2025-06-20
CUST_03703,2025-06-16
CUST_03704,2025-06-07
CUST_03705,2025-06-04
CUST_03706,2025-06-16
CUST_03707,2025-06-05
CUST_03708,2025-06-26
CUST_03709,2025-06-17
CUST_03710,2025-06-24
CUST_03711,2025-06-26
CUST_03712,2025-06-03
CUST_03713,2025-06-17
CUST_03714,2025-06-03
CUST_03715,2025-07-24
CUST_03716,2025-07-16
CUST_03717,2025-07-19
CUST_03718,2025-07-16
CUST_03719,2025-07-22
CUST_03720,2025-07-21
CUST_03721,2025-07-02
CUST_03722,2025-07-13
CUST_03723,2025-07-04
CUST_03724,2025-07-19
CUST_03725,2025-07-08
CUST_03726,2025-07-17
CUST_03727,2025-07-03
CUST_03728,2025-07-05
CUST_03729,2025-07-19
CUST_03730,2025-07-18
CUST_03731,2025-07-26
CUST_03732,2025-07-01
CUST_03733,2025-07-01
CUST_03734,2025-07-04
CUST_03735,2025-07-14
CUST_03736,2025-07-20
CUST_03737,2025-07-12
CUST_03738,2025-07-20
CUST_03739,2025-07-19
CUST_03740,2025-07-21
CUST_03741,2025-07-07
CUST_03742,2025-07-26
CUST_03743,2025-07-07
CUST_03744,2025-07-10
CUST_03745,2025-07-20
CUST_03746,2025-07-05
CUST_03747,2025-07-16
CUST_03748,2025-07-04
CUST_03749,2025-07-28
CUST_03750,2025-07-17
CUST_03751,2025-07-23
CUST_03752,2025-07-10
CUST_03753,2025-07-05
CUST_03754,2025-07-03
CUST_03755,2025-07-14
CUST_03756,2025-07-08
CUST_03757,2025-07-24
CUST_03758,2025-07-20
CUST_03759,2025-07-17
CUST_03760,2025-07-13
CUST_03761,2025-07-25
CUST_03762,2025-07-12
CUST_03763,2025-07-02
CUST_03764,2025-07-01
CUST_03765,2025-07-04
CUST_03766,2025-07-14
CUST_03767,2025-07-11
CUST_03768,2025-07-04
CUST_03769,2025-07-21
CUST_03770,2025-07-11
CUST_03771,2025-07-11
CUST_03772,2025-07-28
CUST_03773,2025-07-17
CUST_03774,2025-07-20
CUST_03775,2025-07-13
CUST_03776,2025-07-14
CUST_03777,2025-07-07
CUST_03778,2025-07-23
CUST_03779,2025-07-25
CUST_03780,2025-07-12
CUST_03781,2025-07-20
CUST_03782,2025-07-25
CUST_03783,2025-07-04
CUST_03784,2025-07-03
CUST_03785,2025-07-10
CUST_03786,2025-07-19
CUST_03787,2025-07-11
CUST_03788,2025-07-14
CUST_03789,2025-07-06
CUST_03790,2025-07-27
CUST_03791,2025-07-26
CUST_03792,2025-07-16
CUST_03793,2025-07-26
CUST_03794,2025-07-18
CUST_03795,2025-07-03
CUST_03796,2025-07-08
CUST_03797,2025-07-08
CUST_03798,2025-07-07
CUST_03799,2025-07-16
CUST_03800,2025-07-24
CUST_03801,2025-07-19
CUST_03802,2025-07-21
CUST_03803,2025-07-03
CUST_03804,2025-07-05
CUST_03805,2025-07-10
CUST_03806,2025-07-16
CUST_03807,2025-07-25
CUST_03808,2025-07-10
CUST_03809,2025-07-14
CUST_03810,2025-07-03
CUST_03811,2025-07-16
CUST_03812,2025-07-17
CUST_03813,2025-07-15
CUST_03814,2025-07-08
CUST_03815,2025-07-21
CUST_03816,2025-07-18
CUST_03817,2025-07-15
CUST_03818,2025-07-25
CUST_03819,2025-07-07
CUST_03820,2025-07-10
CUST_03821,2025-07-06
CUST_03822,2025-07-16
CUST_03823,2025-07-28
CUST_03824,2025-07-25
CUST_03825,2025-07-17
CUST_03826,2025-07-09
CUST_03827,2025-07-18
CUST_03828,2025-07-10
CUST_03829,2025-07-04
CUST_03830,2025-07-19
CUST_03831,2025-07-04
CUST_03832,2025-07-05
CUST_03833,2025-07-12
CUST_03834,2025-07-11
CUST_03835,2025-07-28
CUST_03836,2025-07-05
CUST_03837,2025-07-10
CUST_03838,2025-07-20
CUST_03839,2025-07-27
CUST_03840,2025-07-11
CUST_03841,2025-07-13
CUST_03842,2025-07-04
CUST_03843,2025-07-06
CUST_03844,2025-07-26
CUST_03845,2025-07-06
CUST_03846,2025-07-07
CUST_03847,2025-07-03
CUST_03848,2025-07-27
CUST_03849,2025-07-20
CUST_03850,2025-07-21
CUST_03851,2025-07-13
CUST_03852,2025-07-10
CUST_03853,2025-07-19
CUST_03854,2025-07-21
CUST_03855,2025-07-18
CUST_03856,2025-07-18
CUST_03857,2025-07-24
CUST_03858,2025-07-10
CUST_03859,2025-07-17
CUST_03860,2025-07-23
CUST_03861,2025-07-18
CUST_03862,2025-07-02
CUST_03863,2025-07-27
CUST_03864,2025-07-28
CUST_03865,2025-07-23
CUST_03866,2025-07-28
CUST_03867,2025-07-19
CUST_03868,2025-07-28
CUST_03869,2025-07-09
CUST_03870,2025-07-11
CUST_03871,2025-07-02
CUST_03872,2025-07-08
CUST_03873,2025-07-15
CUST_03874,2025-07-19
CUST_03875,2025-07-11
CUST_03876,2025-07-25
CUST_03877,2025-07-16
CUST_03878,2025-07-22
CUST_03879,2025-07-20
CUST_03880,2025-07-27
CUST_03881,2025-07-21
CUST_03882,2025-07-21
CUST_03883,2025-07-08
CUST_03884,2025-07-27
CUST_03885,2025-07-13
CUST_03886,2025-07-07
CUST_03887,2025-07-03
CUST_03888,2025-07-21
CUST_03889,2025-07-26
CUST_03890,2025-07-19
CUST_03891,2025-07-06
CUST_03892,2025-07-03
CUST_03893,2025-07-05
CUST_03894,2025-07-24
CUST_03895,2025-07-03
CUST_03896,2025-07-20
CUST_03897,2025-07-06
CUST_03898,2025-07-01
CUST_03899,2025-07-20
CUST_03900,2025-07-07
CUST_03901,2025-07-08
CUST_03902,2025-07-23
CUST_03903,2025-07-04
CUST_03904,2025-07-19
CUST_03905,2025-07-24
CUST_03906,2025-07-12
CUST_03907,2025-07-02
CUST_03908,2025-07-06
CUST_03909,2025-07-18
CUST_03910,2025-07-24
CUST_03911,2025-07-07
CUST_03912,2025-07-26
CUST_03913,2025-07-18
CUST_03914,2025-07-19
CUST_03915,2025-07-10
CUST_03916,2025-07-01
CUST_03917,2025-07-01
CUST_03918,2025-08-04
CUST_03919,2025-08-21
CUST_03920,2025-08-12
CUST_03921,2025-08-28
CUST_03922,2025-08-20
CUST_03923,2025-08-09
CUST_03924,2025-08-22
CUST_03925,2025-08-02
CUST_03926,2025-08-21
CUST_03927,2025-08-28
CUST_03928,2025-08-14
CUST_03929,2025-08-22
CUST_03930,2025-08-19
CUST_03931,2025-08-15
CUST_03932,2025-08-06
CUST_03933,2025-08-01
CUST_03934,2025-08-03
CUST_03935,2025-08-24
CUST_03936,2025-08-01
CUST_03937,2025-08-03
CUST_03938,2025-08-11
CUST_03939,2025-08-09
CUST_03940,2025-08-07
CUST_03941,2025-08-22
CUST_03942,2025-08-23
CUST_03943,2025-08-09
CUST_03944,2025-08-19
CUST_03945,2025-08-25
CUST_03946,2025-08-02
CUST_03947,2025-08-06
CUST_03948,2025-08-28
CUST_03949,2025-08-04
CUST_03950,2025-08-04
CUST_03951,2025-08-09
CUST_03952,2025-08-10
CUST_03953,2025-08-25
CUST_03954,2025-08-10
CUST_03955,2025-08-25
CUST_03956,2025-08-13
CUST_03957,2025-08-16
CUST_03958,2025-08-01
CUST_03959,2025-08-18
CUST_03960,2025-08-05
CUST_03961,2025-08-22
CUST_03962,2025-08-20
CUST_03963,2025-08-13
CUST_03964,2025-08-22
CUST_03965,2025-08-24
CUST_03966,2025-08-24
CUST_03967,2025-08-24
CUST_03968,2025-08-14
CUST_03969,2025-08-18
CUST_03970,2025-08-21
CUST_03971,2025-08-10
CUST_03972,2025-08-16
CUST_03973,2025-08-11
CUST_03974,2025-08-11
CUST_03975,2025-08-16
CUST_03976,2025-08-24
CUST_03977,2025-08-21
CUST_03978,2025-08-10
CUST_03979,2025-08-13
CUST_03980,2025-08-15
CUST_03981,2025-08-22
CUST_03982,2025-08-24
CUST_03983,2025-08-17
CUST_03984,2025-08-23
CUST_03985,2025-08-28
CUST_03986,2025-08-16
CUST_03987,2025-08-25
CUST_03988,2025-08-04
CUST_03989,2025-08-14
CUST_03990,2025-08-02
CUST_03991,2025-08-07
CUST_03992,2025-08-04
CUST_03993,2025-08-14
CUST_03994,2025-08-18
CUST_03995,2025-08-15
CUST_03996,2025-08-12
CUST_03997,2025-08-28
CUST_03998,2025-08-21
